Date,Airline,Flight Count,Year
2017-01-01,American,962,2017
2017-01-08,American,6915,2017
2017-01-15,American,6557,2017
2017-01-22,American,6596,2017
2017-01-29,American,6595,2017
2017-02-05,American,6587,2017
2017-02-12,American,6593,2017
2017-02-19,American,6716,2017
2017-02-26,American,6869,2017
2017-03-05,American,6881,2017
2017-03-12,American,7003,2017
2017-03-19,American,7016,2017
2017-03-26,American,6982,2017
2017-04-02,American,6964,2017
2017-04-09,American,6855,2017
2017-04-16,American,6833,2017
2017-04-23,American,6836,2017
2017-04-30,American,6837,2017
2017-05-07,American,6890,2017
2017-05-14,American,6980,2017
2017-05-21,American,6991,2017
2017-05-28,American,6999,2017
2017-06-04,American,7115,2017
2017-06-11,American,7246,2017
2017-06-18,American,7248,2017
2017-06-25,American,7267,2017
2017-07-02,American,7249,2017
2017-07-09,American,7162,2017
2017-07-16,American,7335,2017
2017-07-23,American,7337,2017
2017-07-30,American,7336,2017
2017-08-06,American,7326,2017
2017-08-13,American,7258,2017
2017-08-20,American,7230,2017
2017-08-27,American,7168,2017
2017-09-03,American,7021,2017
2017-09-10,American,6820,2017
2017-09-17,American,6857,2017
2017-09-24,American,6859,2017
2017-10-01,American,6858,2017
2017-10-08,American,6862,2017
2017-10-15,American,6899,2017
2017-10-22,American,6902,2017
2017-10-29,American,6900,2017
2017-11-05,American,6787,2017
2017-11-12,American,6696,2017
2017-11-19,American,6658,2017
2017-11-26,American,6199,2017
2017-12-03,American,6634,2017
2017-12-10,American,6559,2017
2017-12-17,American,6727,2017
2017-12-24,American,7095,2017
2017-12-31,American,6983,2017
2018-01-07,American,7107,2018
2018-01-14,American,6636,2018
2018-01-21,American,6609,2018
2018-01-28,American,6644,2018
2018-02-04,American,6631,2018
2018-02-11,American,6650,2018
2018-02-18,American,6935,2018
2018-02-25,American,7180,2018
2018-03-04,American,7165,2018
2018-03-11,American,7118,2018
2018-03-18,American,7136,2018
2018-03-25,American,7138,2018
2018-04-01,American,7052,2018
2018-04-08,American,6962,2018
2018-04-15,American,6948,2018
2018-04-22,American,6949,2018
2018-04-29,American,6951,2018
2018-05-06,American,7036,2018
2018-05-13,American,7204,2018
2018-05-20,American,7221,2018
2018-05-27,American,7079,2018
2018-06-03,American,7156,2018
2018-06-10,American,7465,2018
2018-06-17,American,7645,2018
2018-06-24,American,7645,2018
2018-07-01,American,7638,2018
2018-07-08,American,6978,2018
2018-07-15,American,7717,2018
2018-07-22,American,7709,2018
2018-07-29,American,7696,2018
2018-08-05,American,7690,2018
2018-08-12,American,7586,2018
2018-08-19,American,7586,2018
2018-08-26,American,7179,2018
2018-09-02,American,7035,2018
2018-09-09,American,7200,2018
2018-09-16,American,7239,2018
2018-09-23,American,7243,2018
2018-09-30,American,7243,2018
2018-10-07,American,7293,2018
2018-10-14,American,7285,2018
2018-10-21,American,7284,2018
2018-10-28,American,7277,2018
2018-11-04,American,7128,2018
2018-11-11,American,7205,2018
2018-11-18,American,7206,2018
2018-11-25,American,6748,2018
2018-12-02,American,7203,2018
2018-12-09,American,6996,2018
2018-12-16,American,6995,2018
2018-12-23,American,7383,2018
2018-12-30,American,7226,2018
2019-01-06,American,7260,2019
2019-01-13,American,6987,2019
2019-01-20,American,6906,2019
2019-01-27,American,6949,2019
2019-02-03,American,6967,2019
2019-02-10,American,6971,2019
2019-02-17,American,7163,2019
2019-02-24,American,7381,2019
2019-03-03,American,7365,2019
2019-03-10,American,7412,2019
2019-03-17,American,7422,2019
2019-03-24,American,7182,2019
2019-03-31,American,7152,2019
2019-04-07,American,7170,2019
2019-04-14,American,7229,2019
2019-04-21,American,7150,2019
2019-04-28,American,7214,2019
2019-05-05,American,7328,2019
2019-05-12,American,7557,2019
2019-05-19,American,7555,2019
2019-05-26,American,7325,2019
2019-06-02,American,7501,2019
2019-06-09,American,7671,2019
2019-06-16,American,7752,2019
2019-06-23,American,7756,2019
2019-06-30,American,7750,2019
2019-07-07,American,6932,2019
2019-07-14,American,7855,2019
2019-07-21,American,7865,2019
2019-07-28,American,7862,2019
2019-08-04,American,7863,2019
2019-08-11,American,7900,2019
2019-08-18,American,7918,2019
2019-08-25,American,7627,2019
2019-09-01,American,7408,2019
2019-09-08,American,7467,2019
2019-09-15,American,7421,2019
2019-09-22,American,7424,2019
2019-09-29,American,7419,2019
2019-10-06,American,7428,2019
2019-10-13,American,7448,2019
2019-10-20,American,7451,2019
2019-10-27,American,7437,2019
2019-11-03,American,7260,2019
2019-11-10,American,7537,2019
2019-11-17,American,7539,2019
2019-11-24,American,7620,2019
2019-12-01,American,6976,2019
2019-12-08,American,7407,2019
2019-12-15,American,7149,2019
2019-12-22,American,7214,2019
2019-12-29,American,7027,2019
2020-01-05,American,2036,2020
2020-01-12,American,0,2020
2020-01-19,American,0,2020
2020-01-26,American,0,2020
2020-02-02,American,0,2020
2020-02-09,American,0,2020
2020-02-16,American,0,2020
2020-02-23,American,0,2020
2020-03-01,American,0,2020
2020-03-08,American,0,2020
2020-03-15,American,0,2020
2020-03-22,American,0,2020
2020-03-29,American,0,2020
2020-04-05,American,0,2020
2020-04-12,American,0,2020
2020-04-19,American,0,2020
2020-04-26,American,0,2020
2020-05-03,American,0,2020
2020-05-10,American,0,2020
2020-05-17,American,0,2020
2020-05-24,American,0,2020
2020-05-31,American,0,2020
2020-06-07,American,0,2020
2020-06-14,American,0,2020
2020-06-21,American,0,2020
2020-06-28,American,0,2020
2020-07-05,American,0,2020
2020-07-12,American,0,2020
2020-07-19,American,0,2020
2020-07-26,American,0,2020
2020-08-02,American,0,2020
2020-08-09,American,0,2020
2020-08-16,American,0,2020
2020-08-23,American,0,2020
2020-08-30,American,0,2020
2020-09-06,American,0,2020
2020-09-13,American,0,2020
2020-09-20,American,0,2020
2020-09-27,American,0,2020
2020-10-04,American,0,2020
2020-10-11,American,0,2020
2020-10-18,American,0,2020
2020-10-25,American,0,2020
2020-11-01,American,0,2020
2020-11-08,American,0,2020
2020-11-15,American,0,2020
2020-11-22,American,0,2020
2020-11-29,American,0,2020
2020-12-06,American,0,2020
2020-12-13,American,0,2020
2020-12-20,American,0,2020
2020-12-27,American,0,2020
2021-01-03,American,1620,2021
2021-01-10,American,3472,2021
2021-01-17,American,3436,2021
2021-01-24,American,3442,2021
2021-01-31,American,3450,2021
2021-02-07,American,3440,2021
2021-02-14,American,3362,2021
2021-02-21,American,3439,2021
2021-02-28,American,3440,2021
2021-03-07,American,3865,2021
2021-03-14,American,4309,2021
2021-03-21,American,4309,2021
2021-03-28,American,4320,2021
2021-04-04,American,4514,2021
2021-04-11,American,4714,2021
2021-04-18,American,4710,2021
2021-04-25,American,4710,2021
2021-05-02,American,4709,2021
2021-05-09,American,5114,2021
2021-05-16,American,5588,2021
2021-05-23,American,5618,2021
2021-05-30,American,5547,2021
2021-06-06,American,6087,2021
2021-06-13,American,6700,2021
2021-06-20,American,6698,2021
2021-06-27,American,6632,2021
2021-07-04,American,6345,2021
2021-07-11,American,6458,2021
2021-07-18,American,6627,2021
2021-07-25,American,6755,2021
2021-08-01,American,6757,2021
2021-08-08,American,6746,2021
2021-08-15,American,6739,2021
2021-08-22,American,6449,2021
2021-08-29,American,6381,2021
2021-09-05,American,6089,2021
2021-09-12,American,6112,2021
2021-09-19,American,6160,2021
2021-09-26,American,6166,2021
2021-10-03,American,6164,2021
2021-10-10,American,6336,2021
2021-10-17,American,6578,2021
2021-10-24,American,6590,2021
2021-10-31,American,6475,2021
2021-11-07,American,6675,2021
2021-11-14,American,6766,2021
2021-11-21,American,6634,2021
2021-11-28,American,6138,2021
2021-12-05,American,6767,2021
2021-12-12,American,6630,2021
2021-12-19,American,6306,2021
2021-12-26,American,6147,2021
2022-01-02,American,6050,2022
2022-01-09,American,6185,2022
2022-01-16,American,6175,2022
2022-01-23,American,6238,2022
2022-01-30,American,6181,2022
2022-02-06,American,6256,2022
2022-02-13,American,6397,2022
2022-02-20,American,6362,2022
2022-02-27,American,6416,2022
2022-03-06,American,6369,2022
2022-03-13,American,6292,2022
2022-03-20,American,6295,2022
2022-03-27,American,6291,2022
2022-04-03,American,6281,2022
2022-04-10,American,6117,2022
2022-04-17,American,6090,2022
2022-04-24,American,6108,2022
2022-05-01,American,6113,2022
2022-05-08,American,6201,2022
2022-05-15,American,6320,2022
2022-05-22,American,6325,2022
2022-05-29,American,6323,2022
2022-06-05,American,6468,2022
2022-06-12,American,6761,2022
2022-06-19,American,6763,2022
2022-06-26,American,6765,2022
2022-07-03,American,6641,2022
2022-07-10,American,6690,2022
2022-07-17,American,6683,2022
2022-07-24,American,6677,2022
2022-07-31,American,6672,2022
2022-08-07,American,6663,2022
2022-08-14,American,6787,2022
2022-08-21,American,6807,2022
2022-08-28,American,6817,2022
2022-09-04,American,6565,2022
2022-09-11,American,6593,2022
2022-09-18,American,6483,2022
2022-09-25,American,6497,2022
2022-10-02,American,6470,2022
2022-10-09,American,6596,2022
2022-10-16,American,6745,2022
2022-10-23,American,6749,2022
2022-10-30,American,6626,2022
2022-11-06,American,6326,2022
2022-11-13,American,6410,2022
2022-11-20,American,6411,2022
2022-11-27,American,6074,2022
2022-12-04,American,6361,2022
2022-12-11,American,6341,2022
2022-12-18,American,6478,2022
2022-12-25,American,5950,2022
2023-01-01,American,6315,2023
2023-01-08,American,6359,2023
2023-01-15,American,6188,2023
2023-01-22,American,6351,2023
2023-01-29,American,6349,2023
2023-02-05,American,6511,2023
2023-02-12,American,6655,2023
2023-02-19,American,6584,2023
2023-02-26,American,6794,2023
2023-03-05,American,6714,2023
2023-03-12,American,6683,2023
2023-03-19,American,6672,2023
2023-03-26,American,6635,2023
2023-04-02,American,6490,2023
2023-04-09,American,6552,2023
2023-04-16,American,6737,2023
2023-04-23,American,6731,2023
2023-04-30,American,6735,2023
2023-05-07,American,6725,2023
2023-05-14,American,6777,2023
2023-05-21,American,6775,2023
2023-05-28,American,6650,2023
2023-06-04,American,7006,2023
2023-06-11,American,7183,2023
2023-06-18,American,7174,2023
2023-06-25,American,7195,2023
2023-07-02,American,7185,2023
2023-07-09,American,7049,2023
2023-07-16,American,7289,2023
2023-07-23,American,7299,2023
2023-07-30,American,7298,2023
2023-08-06,American,7317,2023
2023-08-13,American,7451,2023
2023-08-20,American,7396,2023
2023-08-27,American,7385,2023
2023-09-03,American,6985,2023
2023-09-10,American,6853,2023
2023-09-17,American,6939,2023
2023-09-24,American,6939,2023
2023-10-01,American,6943,2023
2023-10-08,American,6983,2023
2023-10-15,American,7114,2023
2023-10-22,American,7111,2023
2023-10-29,American,6891,2023
2023-11-05,American,6728,2023
2023-11-12,American,6828,2023
2023-11-19,American,6834,2023
2023-11-26,American,6282,2023
2023-12-03,American,6565,2023
2023-12-10,American,6485,2023
2023-12-17,American,6306,2023
2023-12-24,American,6316,2023
2023-12-31,American,6640,2023
2024-01-07,American,6700,2024
2024-01-14,American,6457,2024
2024-01-21,American,6541,2024
2024-01-28,American,6558,2024
2024-02-04,American,6544,2024
2024-02-11,American,6540,2024
2024-02-18,American,6661,2024
2024-02-25,American,6906,2024
2024-03-03,American,6928,2024
2024-03-10,American,6812,2024
2024-03-17,American,6806,2024
2024-03-24,American,6807,2024
2024-03-31,American,6793,2024
2024-04-07,American,6890,2024
2024-04-14,American,7001,2024
2024-04-21,American,6994,2024
2024-04-28,American,7000,2024
2024-05-05,American,6989,2024
2024-05-12,American,7381,2024
2024-05-19,American,7399,2024
2024-05-26,American,7313,2024
2024-06-02,American,7377,2024
2024-06-09,American,7669,2024
2024-06-16,American,7800,2024
2024-06-23,American,7770,2024
2024-06-30,American,7761,2024
2024-07-07,American,7377,2024
2024-07-14,American,7853,2024
2024-07-21,American,7872,2024
2024-07-28,American,7875,2024
2024-08-04,American,3388,2024
2017-01-01,Delta,618,2017
2017-01-08,Delta,5255,2017
2017-01-15,Delta,5511,2017
2017-01-22,Delta,5673,2017
2017-01-29,Delta,5647,2017
2017-02-05,Delta,5486,2017
2017-02-12,Delta,5655,2017
2017-02-19,Delta,5568,2017
2017-02-26,Delta,5837,2017
2017-03-05,Delta,5860,2017
2017-03-12,Delta,6003,2017
2017-03-19,Delta,6024,2017
2017-03-26,Delta,6025,2017
2017-04-02,Delta,6034,2017
2017-04-09,Delta,6182,2017
2017-04-16,Delta,6085,2017
2017-04-23,Delta,6202,2017
2017-04-30,Delta,6199,2017
2017-05-07,Delta,6254,2017
2017-05-14,Delta,6163,2017
2017-05-21,Delta,6274,2017
2017-05-28,Delta,6074,2017
2017-06-04,Delta,6204,2017
2017-06-11,Delta,6278,2017
2017-06-18,Delta,6345,2017
2017-06-25,Delta,6367,2017
2017-07-02,Delta,6198,2017
2017-07-09,Delta,5787,2017
2017-07-16,Delta,6509,2017
2017-07-23,Delta,6513,2017
2017-07-30,Delta,6506,2017
2017-08-06,Delta,6514,2017
2017-08-13,Delta,6501,2017
2017-08-20,Delta,6318,2017
2017-08-27,Delta,6172,2017
2017-09-03,Delta,5811,2017
2017-09-10,Delta,5713,2017
2017-09-17,Delta,6178,2017
2017-09-24,Delta,6154,2017
2017-10-01,Delta,6151,2017
2017-10-08,Delta,6162,2017
2017-10-15,Delta,6183,2017
2017-10-22,Delta,6173,2017
2017-10-29,Delta,5957,2017
2017-11-05,Delta,5681,2017
2017-11-12,Delta,6097,2017
2017-11-19,Delta,6121,2017
2017-11-26,Delta,5632,2017
2017-12-03,Delta,5927,2017
2017-12-10,Delta,5921,2017
2017-12-17,Delta,5917,2017
2017-12-24,Delta,5567,2017
2017-12-31,Delta,5041,2017
2018-01-07,Delta,5093,2018
2018-01-14,Delta,5466,2018
2018-01-21,Delta,5678,2018
2018-01-28,Delta,5704,2018
2018-02-04,Delta,5535,2018
2018-02-11,Delta,5705,2018
2018-02-18,Delta,5521,2018
2018-02-25,Delta,5931,2018
2018-03-04,Delta,5959,2018
2018-03-11,Delta,6156,2018
2018-03-18,Delta,6155,2018
2018-03-25,Delta,6154,2018
2018-04-01,Delta,6159,2018
2018-04-08,Delta,6216,2018
2018-04-15,Delta,6252,2018
2018-04-22,Delta,6307,2018
2018-04-29,Delta,6306,2018
2018-05-06,Delta,6336,2018
2018-05-13,Delta,6291,2018
2018-05-20,Delta,6406,2018
2018-05-27,Delta,6126,2018
2018-06-03,Delta,6308,2018
2018-06-10,Delta,6486,2018
2018-06-17,Delta,6616,2018
2018-06-24,Delta,6639,2018
2018-07-01,Delta,6588,2018
2018-07-08,Delta,5767,2018
2018-07-15,Delta,6773,2018
2018-07-22,Delta,6780,2018
2018-07-29,Delta,6778,2018
2018-08-05,Delta,6789,2018
2018-08-12,Delta,6782,2018
2018-08-19,Delta,6596,2018
2018-08-26,Delta,6420,2018
2018-09-02,Delta,5999,2018
2018-09-09,Delta,5836,2018
2018-09-16,Delta,6422,2018
2018-09-23,Delta,6458,2018
2018-09-30,Delta,6453,2018
2018-10-07,Delta,6415,2018
2018-10-14,Delta,6404,2018
2018-10-21,Delta,6463,2018
2018-10-28,Delta,6299,2018
2018-11-04,Delta,5378,2018
2018-11-11,Delta,6075,2018
2018-11-18,Delta,6292,2018
2018-11-25,Delta,5732,2018
2018-12-02,Delta,6013,2018
2018-12-09,Delta,5982,2018
2018-12-16,Delta,5988,2018
2018-12-23,Delta,6049,2018
2018-12-30,Delta,5187,2018
2019-01-06,Delta,4807,2019
2019-01-13,Delta,5850,2019
2019-01-20,Delta,5639,2019
2019-01-27,Delta,5812,2019
2019-02-03,Delta,5655,2019
2019-02-10,Delta,5808,2019
2019-02-17,Delta,5623,2019
2019-02-24,Delta,5803,2019
2019-03-03,Delta,6055,2019
2019-03-10,Delta,6349,2019
2019-03-17,Delta,6368,2019
2019-03-24,Delta,6377,2019
2019-03-31,Delta,6390,2019
2019-04-07,Delta,6397,2019
2019-04-14,Delta,6428,2019
2019-04-21,Delta,6357,2019
2019-04-28,Delta,6428,2019
2019-05-05,Delta,6490,2019
2019-05-12,Delta,6453,2019
2019-05-19,Delta,6562,2019
2019-05-26,Delta,6302,2019
2019-06-02,Delta,6530,2019
2019-06-09,Delta,6654,2019
2019-06-16,Delta,6813,2019
2019-06-23,Delta,6853,2019
2019-06-30,Delta,6742,2019
2019-07-07,Delta,5637,2019
2019-07-14,Delta,6956,2019
2019-07-21,Delta,6993,2019
2019-07-28,Delta,6986,2019
2019-08-04,Delta,6983,2019
2019-08-11,Delta,6973,2019
2019-08-18,Delta,6748,2019
2019-08-25,Delta,6628,2019
2019-09-01,Delta,6202,2019
2019-09-08,Delta,5780,2019
2019-09-15,Delta,6488,2019
2019-09-22,Delta,6516,2019
2019-09-29,Delta,6515,2019
2019-10-06,Delta,6533,2019
2019-10-13,Delta,6545,2019
2019-10-20,Delta,6533,2019
2019-10-27,Delta,6436,2019
2019-11-03,Delta,5492,2019
2019-11-10,Delta,6318,2019
2019-11-17,Delta,6537,2019
2019-11-24,Delta,6463,2019
2019-12-01,Delta,5867,2019
2019-12-08,Delta,6295,2019
2019-12-15,Delta,6268,2019
2019-12-22,Delta,6415,2019
2019-12-29,Delta,5426,2019
2020-01-05,Delta,1456,2020
2020-01-12,Delta,0,2020
2020-01-19,Delta,0,2020
2020-01-26,Delta,0,2020
2020-02-02,Delta,0,2020
2020-02-09,Delta,0,2020
2020-02-16,Delta,0,2020
2020-02-23,Delta,0,2020
2020-03-01,Delta,0,2020
2020-03-08,Delta,0,2020
2020-03-15,Delta,0,2020
2020-03-22,Delta,0,2020
2020-03-29,Delta,0,2020
2020-04-05,Delta,0,2020
2020-04-12,Delta,0,2020
2020-04-19,Delta,0,2020
2020-04-26,Delta,0,2020
2020-05-03,Delta,0,2020
2020-05-10,Delta,0,2020
2020-05-17,Delta,0,2020
2020-05-24,Delta,0,2020
2020-05-31,Delta,0,2020
2020-06-07,Delta,0,2020
2020-06-14,Delta,0,2020
2020-06-21,Delta,0,2020
2020-06-28,Delta,0,2020
2020-07-05,Delta,0,2020
2020-07-12,Delta,0,2020
2020-07-19,Delta,0,2020
2020-07-26,Delta,0,2020
2020-08-02,Delta,0,2020
2020-08-09,Delta,0,2020
2020-08-16,Delta,0,2020
2020-08-23,Delta,0,2020
2020-08-30,Delta,0,2020
2020-09-06,Delta,0,2020
2020-09-13,Delta,0,2020
2020-09-20,Delta,0,2020
2020-09-27,Delta,0,2020
2020-10-04,Delta,0,2020
2020-10-11,Delta,0,2020
2020-10-18,Delta,0,2020
2020-10-25,Delta,0,2020
2020-11-01,Delta,0,2020
2020-11-08,Delta,0,2020
2020-11-15,Delta,0,2020
2020-11-22,Delta,0,2020
2020-11-29,Delta,0,2020
2020-12-06,Delta,0,2020
2020-12-13,Delta,0,2020
2020-12-20,Delta,0,2020
2020-12-27,Delta,0,2020
2021-01-03,Delta,1587,2021
2021-01-10,Delta,3669,2021
2021-01-17,Delta,3528,2021
2021-01-24,Delta,3612,2021
2021-01-31,Delta,3621,2021
2021-02-07,Delta,3602,2021
2021-02-14,Delta,3609,2021
2021-02-21,Delta,3700,2021
2021-02-28,Delta,3702,2021
2021-03-07,Delta,4112,2021
2021-03-14,Delta,4200,2021
2021-03-21,Delta,4217,2021
2021-03-28,Delta,4223,2021
2021-04-04,Delta,4203,2021
2021-04-11,Delta,4170,2021
2021-04-18,Delta,4327,2021
2021-04-25,Delta,4327,2021
2021-05-02,Delta,4300,2021
2021-05-09,Delta,4519,2021
2021-05-16,Delta,4635,2021
2021-05-23,Delta,4641,2021
2021-05-30,Delta,4591,2021
2021-06-06,Delta,4753,2021
2021-06-13,Delta,5106,2021
2021-06-20,Delta,5128,2021
2021-06-27,Delta,5136,2021
2021-07-04,Delta,5024,2021
2021-07-11,Delta,5198,2021
2021-07-18,Delta,5253,2021
2021-07-25,Delta,5290,2021
2021-08-01,Delta,5288,2021
2021-08-08,Delta,5290,2021
2021-08-15,Delta,5307,2021
2021-08-22,Delta,5284,2021
2021-08-29,Delta,5297,2021
2021-09-05,Delta,5172,2021
2021-09-12,Delta,4922,2021
2021-09-19,Delta,5325,2021
2021-09-26,Delta,5343,2021
2021-10-03,Delta,5323,2021
2021-10-10,Delta,5275,2021
2021-10-17,Delta,5243,2021
2021-10-24,Delta,5243,2021
2021-10-31,Delta,5088,2021
2021-11-07,Delta,5309,2021
2021-11-14,Delta,5588,2021
2021-11-21,Delta,5597,2021
2021-11-28,Delta,5232,2021
2021-12-05,Delta,5443,2021
2021-12-12,Delta,5262,2021
2021-12-19,Delta,5216,2021
2021-12-26,Delta,4697,2021
2022-01-02,Delta,4695,2022
2022-01-09,Delta,5017,2022
2022-01-16,Delta,4906,2022
2022-01-23,Delta,5121,2022
2022-01-30,Delta,5132,2022
2022-02-06,Delta,5115,2022
2022-02-13,Delta,4913,2022
2022-02-20,Delta,4910,2022
2022-02-27,Delta,5096,2022
2022-03-06,Delta,5104,2022
2022-03-13,Delta,5375,2022
2022-03-20,Delta,5460,2022
2022-03-27,Delta,5472,2022
2022-04-03,Delta,5475,2022
2022-04-10,Delta,5408,2022
2022-04-17,Delta,5383,2022
2022-04-24,Delta,5420,2022
2022-05-01,Delta,5414,2022
2022-05-08,Delta,5462,2022
2022-05-15,Delta,5562,2022
2022-05-22,Delta,5570,2022
2022-05-29,Delta,5476,2022
2022-06-05,Delta,5527,2022
2022-06-12,Delta,5604,2022
2022-06-19,Delta,5631,2022
2022-06-26,Delta,5706,2022
2022-07-03,Delta,5594,2022
2022-07-10,Delta,5266,2022
2022-07-17,Delta,5759,2022
2022-07-24,Delta,5756,2022
2022-07-31,Delta,5756,2022
2022-08-07,Delta,5703,2022
2022-08-14,Delta,5677,2022
2022-08-21,Delta,5501,2022
2022-08-28,Delta,5503,2022
2022-09-04,Delta,5351,2022
2022-09-11,Delta,5247,2022
2022-09-18,Delta,5721,2022
2022-09-25,Delta,5713,2022
2022-10-02,Delta,5689,2022
2022-10-09,Delta,5598,2022
2022-10-16,Delta,5558,2022
2022-10-23,Delta,5569,2022
2022-10-30,Delta,5427,2022
2022-11-06,Delta,5358,2022
2022-11-13,Delta,5621,2022
2022-11-20,Delta,5878,2022
2022-11-27,Delta,5476,2022
2022-12-04,Delta,5731,2022
2022-12-11,Delta,5703,2022
2022-12-18,Delta,5612,2022
2022-12-25,Delta,5030,2022
2023-01-01,Delta,4970,2023
2023-01-08,Delta,5085,2023
2023-01-15,Delta,5170,2023
2023-01-22,Delta,5488,2023
2023-01-29,Delta,5522,2023
2023-02-05,Delta,5464,2023
2023-02-12,Delta,5200,2023
2023-02-19,Delta,5125,2023
2023-02-26,Delta,5478,2023
2023-03-05,Delta,5469,2023
2023-03-12,Delta,5672,2023
2023-03-19,Delta,5824,2023
2023-03-26,Delta,5877,2023
2023-04-02,Delta,5861,2023
2023-04-09,Delta,5825,2023
2023-04-16,Delta,5842,2023
2023-04-23,Delta,5862,2023
2023-04-30,Delta,5894,2023
2023-05-07,Delta,5906,2023
2023-05-14,Delta,5993,2023
2023-05-21,Delta,6019,2023
2023-05-28,Delta,5837,2023
2023-06-04,Delta,6033,2023
2023-06-11,Delta,6159,2023
2023-06-18,Delta,6167,2023
2023-06-25,Delta,6177,2023
2023-07-02,Delta,6095,2023
2023-07-09,Delta,5690,2023
2023-07-16,Delta,6472,2023
2023-07-23,Delta,6478,2023
2023-07-30,Delta,6478,2023
2023-08-06,Delta,6282,2023
2023-08-13,Delta,6249,2023
2023-08-20,Delta,6203,2023
2023-08-27,Delta,6084,2023
2023-09-03,Delta,5862,2023
2023-09-10,Delta,5624,2023
2023-09-17,Delta,6056,2023
2023-09-24,Delta,6085,2023
2023-10-01,Delta,6073,2023
2023-10-08,Delta,6074,2023
2023-10-15,Delta,6066,2023
2023-10-22,Delta,6075,2023
2023-10-29,Delta,5849,2023
2023-11-05,Delta,5372,2023
2023-11-12,Delta,5987,2023
2023-11-19,Delta,6082,2023
2023-11-26,Delta,5667,2023
2023-12-03,Delta,5596,2023
2023-12-10,Delta,5827,2023
2023-12-17,Delta,5941,2023
2023-12-24,Delta,5516,2023
2023-12-31,Delta,5183,2023
2024-01-07,Delta,4873,2024
2024-01-14,Delta,4995,2024
2024-01-21,Delta,5443,2024
2024-01-28,Delta,5450,2024
2024-02-04,Delta,5139,2024
2024-02-11,Delta,5175,2024
2024-02-18,Delta,5246,2024
2024-02-25,Delta,5640,2024
2024-03-03,Delta,5613,2024
2024-03-10,Delta,5665,2024
2024-03-17,Delta,5913,2024
2024-03-24,Delta,5905,2024
2024-03-31,Delta,5913,2024
2024-04-07,Delta,5920,2024
2024-04-14,Delta,5980,2024
2024-04-21,Delta,6101,2024
2024-04-28,Delta,6137,2024
2024-05-05,Delta,6140,2024
2024-05-12,Delta,6284,2024
2024-05-19,Delta,6304,2024
2024-05-26,Delta,6107,2024
2024-06-02,Delta,6312,2024
2024-06-09,Delta,6416,2024
2024-06-16,Delta,6547,2024
2024-06-23,Delta,6571,2024
2024-06-30,Delta,6403,2024
2024-07-07,Delta,5783,2024
2024-07-14,Delta,6647,2024
2024-07-21,Delta,6643,2024
2024-07-28,Delta,6644,2024
2024-08-04,Delta,2840,2024
2017-01-01,Frontier,43,2017
2017-01-08,Frontier,308,2017
2017-01-15,Frontier,308,2017
2017-01-22,Frontier,303,2017
2017-01-29,Frontier,298,2017
2017-02-05,Frontier,280,2017
2017-02-12,Frontier,276,2017
2017-02-19,Frontier,290,2017
2017-02-26,Frontier,295,2017
2017-03-05,Frontier,292,2017
2017-03-12,Frontier,304,2017
2017-03-19,Frontier,314,2017
2017-03-26,Frontier,313,2017
2017-04-02,Frontier,309,2017
2017-04-09,Frontier,318,2017
2017-04-16,Frontier,318,2017
2017-04-23,Frontier,343,2017
2017-04-30,Frontier,375,2017
2017-05-07,Frontier,374,2017
2017-05-14,Frontier,377,2017
2017-05-21,Frontier,379,2017
2017-05-28,Frontier,391,2017
2017-06-04,Frontier,392,2017
2017-06-11,Frontier,395,2017
2017-06-18,Frontier,414,2017
2017-06-25,Frontier,415,2017
2017-07-02,Frontier,415,2017
2017-07-09,Frontier,414,2017
2017-07-16,Frontier,422,2017
2017-07-23,Frontier,431,2017
2017-07-30,Frontier,431,2017
2017-08-06,Frontier,432,2017
2017-08-13,Frontier,430,2017
2017-08-20,Frontier,359,2017
2017-08-27,Frontier,360,2017
2017-09-03,Frontier,358,2017
2017-09-10,Frontier,355,2017
2017-09-17,Frontier,353,2017
2017-09-24,Frontier,352,2017
2017-10-01,Frontier,351,2017
2017-10-08,Frontier,368,2017
2017-10-15,Frontier,392,2017
2017-10-22,Frontier,395,2017
2017-10-29,Frontier,395,2017
2017-11-05,Frontier,361,2017
2017-11-12,Frontier,343,2017
2017-11-19,Frontier,353,2017
2017-11-26,Frontier,370,2017
2017-12-03,Frontier,367,2017
2017-12-10,Frontier,365,2017
2017-12-17,Frontier,351,2017
2017-12-24,Frontier,352,2017
2017-12-31,Frontier,352,2017
2018-01-07,Frontier,351,2018
2018-01-14,Frontier,360,2018
2018-01-21,Frontier,358,2018
2018-01-28,Frontier,355,2018
2018-02-04,Frontier,356,2018
2018-02-11,Frontier,355,2018
2018-02-18,Frontier,356,2018
2018-02-25,Frontier,356,2018
2018-03-04,Frontier,356,2018
2018-03-11,Frontier,352,2018
2018-03-18,Frontier,349,2018
2018-03-25,Frontier,343,2018
2018-04-01,Frontier,341,2018
2018-04-08,Frontier,348,2018
2018-04-15,Frontier,365,2018
2018-04-22,Frontier,364,2018
2018-04-29,Frontier,364,2018
2018-05-06,Frontier,362,2018
2018-05-13,Frontier,365,2018
2018-05-20,Frontier,372,2018
2018-05-27,Frontier,375,2018
2018-06-03,Frontier,378,2018
2018-06-10,Frontier,382,2018
2018-06-17,Frontier,380,2018
2018-06-24,Frontier,379,2018
2018-07-01,Frontier,379,2018
2018-07-08,Frontier,379,2018
2018-07-15,Frontier,378,2018
2018-07-22,Frontier,378,2018
2018-07-29,Frontier,378,2018
2018-08-05,Frontier,378,2018
2018-08-12,Frontier,369,2018
2018-08-19,Frontier,321,2018
2018-08-26,Frontier,321,2018
2018-09-02,Frontier,319,2018
2018-09-09,Frontier,312,2018
2018-09-16,Frontier,308,2018
2018-09-23,Frontier,309,2018
2018-09-30,Frontier,306,2018
2018-10-07,Frontier,298,2018
2018-10-14,Frontier,299,2018
2018-10-21,Frontier,302,2018
2018-10-28,Frontier,302,2018
2018-11-04,Frontier,298,2018
2018-11-11,Frontier,296,2018
2018-11-18,Frontier,296,2018
2018-11-25,Frontier,295,2018
2018-12-02,Frontier,306,2018
2018-12-09,Frontier,299,2018
2018-12-16,Frontier,298,2018
2018-12-23,Frontier,311,2018
2018-12-30,Frontier,308,2018
2019-01-06,Frontier,312,2019
2019-01-13,Frontier,306,2019
2019-01-20,Frontier,306,2019
2019-01-27,Frontier,305,2019
2019-02-03,Frontier,306,2019
2019-02-10,Frontier,305,2019
2019-02-17,Frontier,305,2019
2019-02-24,Frontier,310,2019
2019-03-03,Frontier,310,2019
2019-03-10,Frontier,302,2019
2019-03-17,Frontier,304,2019
2019-03-24,Frontier,306,2019
2019-03-31,Frontier,306,2019
2019-04-07,Frontier,301,2019
2019-04-14,Frontier,305,2019
2019-04-21,Frontier,309,2019
2019-04-28,Frontier,308,2019
2019-05-05,Frontier,392,2019
2019-05-12,Frontier,399,2019
2019-05-19,Frontier,397,2019
2019-05-26,Frontier,380,2019
2019-06-02,Frontier,400,2019
2019-06-09,Frontier,407,2019
2019-06-16,Frontier,411,2019
2019-06-23,Frontier,411,2019
2019-06-30,Frontier,424,2019
2019-07-07,Frontier,432,2019
2019-07-14,Frontier,432,2019
2019-07-21,Frontier,431,2019
2019-07-28,Frontier,431,2019
2019-08-04,Frontier,431,2019
2019-08-11,Frontier,428,2019
2019-08-18,Frontier,419,2019
2019-08-25,Frontier,418,2019
2019-09-01,Frontier,412,2019
2019-09-08,Frontier,419,2019
2019-09-15,Frontier,436,2019
2019-09-22,Frontier,435,2019
2019-09-29,Frontier,436,2019
2019-10-06,Frontier,441,2019
2019-10-13,Frontier,449,2019
2019-10-20,Frontier,452,2019
2019-10-27,Frontier,452,2019
2019-11-03,Frontier,444,2019
2019-11-10,Frontier,439,2019
2019-11-17,Frontier,469,2019
2019-11-24,Frontier,503,2019
2019-12-01,Frontier,495,2019
2019-12-08,Frontier,485,2019
2019-12-15,Frontier,510,2019
2019-12-22,Frontier,516,2019
2019-12-29,Frontier,517,2019
2020-01-05,Frontier,144,2020
2020-01-12,Frontier,0,2020
2020-01-19,Frontier,0,2020
2020-01-26,Frontier,0,2020
2020-02-02,Frontier,0,2020
2020-02-09,Frontier,0,2020
2020-02-16,Frontier,0,2020
2020-02-23,Frontier,0,2020
2020-03-01,Frontier,0,2020
2020-03-08,Frontier,0,2020
2020-03-15,Frontier,0,2020
2020-03-22,Frontier,0,2020
2020-03-29,Frontier,0,2020
2020-04-05,Frontier,0,2020
2020-04-12,Frontier,0,2020
2020-04-19,Frontier,0,2020
2020-04-26,Frontier,0,2020
2020-05-03,Frontier,0,2020
2020-05-10,Frontier,0,2020
2020-05-17,Frontier,0,2020
2020-05-24,Frontier,0,2020
2020-05-31,Frontier,0,2020
2020-06-07,Frontier,0,2020
2020-06-14,Frontier,0,2020
2020-06-21,Frontier,0,2020
2020-06-28,Frontier,0,2020
2020-07-05,Frontier,0,2020
2020-07-12,Frontier,0,2020
2020-07-19,Frontier,0,2020
2020-07-26,Frontier,0,2020
2020-08-02,Frontier,0,2020
2020-08-09,Frontier,0,2020
2020-08-16,Frontier,0,2020
2020-08-23,Frontier,0,2020
2020-08-30,Frontier,0,2020
2020-09-06,Frontier,0,2020
2020-09-13,Frontier,0,2020
2020-09-20,Frontier,0,2020
2020-09-27,Frontier,0,2020
2020-10-04,Frontier,0,2020
2020-10-11,Frontier,0,2020
2020-10-18,Frontier,0,2020
2020-10-25,Frontier,0,2020
2020-11-01,Frontier,0,2020
2020-11-08,Frontier,0,2020
2020-11-15,Frontier,0,2020
2020-11-22,Frontier,0,2020
2020-11-29,Frontier,0,2020
2020-12-06,Frontier,0,2020
2020-12-13,Frontier,0,2020
2020-12-20,Frontier,0,2020
2020-12-27,Frontier,0,2020
2021-01-03,Frontier,153,2021
2021-01-10,Frontier,264,2021
2021-01-17,Frontier,223,2021
2021-01-24,Frontier,229,2021
2021-01-31,Frontier,223,2021
2021-02-07,Frontier,245,2021
2021-02-14,Frontier,313,2021
2021-02-21,Frontier,330,2021
2021-02-28,Frontier,323,2021
2021-03-07,Frontier,335,2021
2021-03-14,Frontier,485,2021
2021-03-21,Frontier,512,2021
2021-03-28,Frontier,520,2021
2021-04-04,Frontier,521,2021
2021-04-11,Frontier,523,2021
2021-04-18,Frontier,496,2021
2021-04-25,Frontier,498,2021
2021-05-02,Frontier,499,2021
2021-05-09,Frontier,521,2021
2021-05-16,Frontier,553,2021
2021-05-23,Frontier,570,2021
2021-05-30,Frontier,564,2021
2021-06-06,Frontier,578,2021
2021-06-13,Frontier,639,2021
2021-06-20,Frontier,693,2021
2021-06-27,Frontier,691,2021
2021-07-04,Frontier,692,2021
2021-07-11,Frontier,686,2021
2021-07-18,Frontier,683,2021
2021-07-25,Frontier,670,2021
2021-08-01,Frontier,672,2021
2021-08-08,Frontier,674,2021
2021-08-15,Frontier,671,2021
2021-08-22,Frontier,664,2021
2021-08-29,Frontier,646,2021
2021-09-05,Frontier,630,2021
2021-09-12,Frontier,590,2021
2021-09-19,Frontier,569,2021
2021-09-26,Frontier,570,2021
2021-10-03,Frontier,557,2021
2021-10-10,Frontier,562,2021
2021-10-17,Frontier,584,2021
2021-10-24,Frontier,579,2021
2021-10-31,Frontier,578,2021
2021-11-07,Frontier,582,2021
2021-11-14,Frontier,577,2021
2021-11-21,Frontier,626,2021
2021-11-28,Frontier,639,2021
2021-12-05,Frontier,621,2021
2021-12-12,Frontier,570,2021
2021-12-19,Frontier,587,2021
2021-12-26,Frontier,599,2021
2022-01-02,Frontier,606,2022
2022-01-09,Frontier,530,2022
2022-01-16,Frontier,482,2022
2022-01-23,Frontier,469,2022
2022-01-30,Frontier,467,2022
2022-02-06,Frontier,471,2022
2022-02-13,Frontier,483,2022
2022-02-20,Frontier,494,2022
2022-02-27,Frontier,513,2022
2022-03-06,Frontier,500,2022
2022-03-13,Frontier,469,2022
2022-03-20,Frontier,469,2022
2022-03-27,Frontier,471,2022
2022-04-03,Frontier,456,2022
2022-04-10,Frontier,464,2022
2022-04-17,Frontier,457,2022
2022-04-24,Frontier,470,2022
2022-05-01,Frontier,531,2022
2022-05-08,Frontier,564,2022
2022-05-15,Frontier,536,2022
2022-05-22,Frontier,533,2022
2022-05-29,Frontier,537,2022
2022-06-05,Frontier,553,2022
2022-06-12,Frontier,553,2022
2022-06-19,Frontier,572,2022
2022-06-26,Frontier,563,2022
2022-07-03,Frontier,558,2022
2022-07-10,Frontier,561,2022
2022-07-17,Frontier,564,2022
2022-07-24,Frontier,564,2022
2022-07-31,Frontier,564,2022
2022-08-07,Frontier,567,2022
2022-08-14,Frontier,559,2022
2022-08-21,Frontier,556,2022
2022-08-28,Frontier,552,2022
2022-09-04,Frontier,554,2022
2022-09-11,Frontier,569,2022
2022-09-18,Frontier,576,2022
2022-09-25,Frontier,590,2022
2022-10-02,Frontier,603,2022
2022-10-09,Frontier,603,2022
2022-10-16,Frontier,604,2022
2022-10-23,Frontier,603,2022
2022-10-30,Frontier,603,2022
2022-11-06,Frontier,586,2022
2022-11-13,Frontier,555,2022
2022-11-20,Frontier,561,2022
2022-11-27,Frontier,562,2022
2022-12-04,Frontier,551,2022
2022-12-11,Frontier,561,2022
2022-12-18,Frontier,560,2022
2022-12-25,Frontier,552,2022
2023-01-01,Frontier,555,2023
2023-01-08,Frontier,528,2023
2023-01-15,Frontier,533,2023
2023-01-22,Frontier,533,2023
2023-01-29,Frontier,525,2023
2023-02-05,Frontier,524,2023
2023-02-12,Frontier,525,2023
2023-02-19,Frontier,563,2023
2023-02-26,Frontier,609,2023
2023-03-05,Frontier,612,2023
2023-03-12,Frontier,612,2023
2023-03-19,Frontier,616,2023
2023-03-26,Frontier,623,2023
2023-04-02,Frontier,617,2023
2023-04-09,Frontier,621,2023
2023-04-16,Frontier,639,2023
2023-04-23,Frontier,628,2023
2023-04-30,Frontier,629,2023
2023-05-07,Frontier,644,2023
2023-05-14,Frontier,699,2023
2023-05-21,Frontier,734,2023
2023-05-28,Frontier,723,2023
2023-06-04,Frontier,735,2023
2023-06-11,Frontier,736,2023
2023-06-18,Frontier,735,2023
2023-06-25,Frontier,714,2023
2023-07-02,Frontier,701,2023
2023-07-09,Frontier,718,2023
2023-07-16,Frontier,745,2023
2023-07-23,Frontier,745,2023
2023-07-30,Frontier,743,2023
2023-08-06,Frontier,760,2023
2023-08-13,Frontier,770,2023
2023-08-20,Frontier,787,2023
2023-08-27,Frontier,805,2023
2023-09-03,Frontier,800,2023
2023-09-10,Frontier,853,2023
2023-09-17,Frontier,858,2023
2023-09-24,Frontier,862,2023
2023-10-01,Frontier,860,2023
2023-10-08,Frontier,842,2023
2023-10-15,Frontier,858,2023
2023-10-22,Frontier,860,2023
2023-10-29,Frontier,854,2023
2023-11-05,Frontier,837,2023
2023-11-12,Frontier,853,2023
2023-11-19,Frontier,805,2023
2023-11-26,Frontier,788,2023
2023-12-03,Frontier,747,2023
2023-12-10,Frontier,742,2023
2023-12-17,Frontier,748,2023
2023-12-24,Frontier,767,2023
2023-12-31,Frontier,762,2023
2024-01-07,Frontier,737,2024
2024-01-14,Frontier,696,2024
2024-01-21,Frontier,635,2024
2024-01-28,Frontier,598,2024
2024-02-04,Frontier,595,2024
2024-02-11,Frontier,597,2024
2024-02-18,Frontier,704,2024
2024-02-25,Frontier,760,2024
2024-03-03,Frontier,765,2024
2024-03-10,Frontier,793,2024
2024-03-17,Frontier,850,2024
2024-03-24,Frontier,856,2024
2024-03-31,Frontier,859,2024
2024-04-07,Frontier,871,2024
2024-04-14,Frontier,918,2024
2024-04-21,Frontier,927,2024
2024-04-28,Frontier,957,2024
2024-05-05,Frontier,964,2024
2024-05-12,Frontier,966,2024
2024-05-19,Frontier,1014,2024
2024-05-26,Frontier,1092,2024
2024-06-02,Frontier,1118,2024
2024-06-09,Frontier,1109,2024
2024-06-16,Frontier,1092,2024
2024-06-23,Frontier,1047,2024
2024-06-30,Frontier,1030,2024
2024-07-07,Frontier,1069,2024
2024-07-14,Frontier,1075,2024
2024-07-21,Frontier,1077,2024
2024-07-28,Frontier,1074,2024
2024-08-04,Frontier,453,2024
2017-01-01,Southwest,309,2017
2017-01-08,Southwest,2132,2017
2017-01-15,Southwest,2126,2017
2017-01-22,Southwest,2129,2017
2017-01-29,Southwest,2120,2017
2017-02-05,Southwest,2070,2017
2017-02-12,Southwest,2135,2017
2017-02-19,Southwest,2067,2017
2017-02-26,Southwest,2137,2017
2017-03-05,Southwest,2132,2017
2017-03-12,Southwest,2211,2017
2017-03-19,Southwest,2247,2017
2017-03-26,Southwest,2246,2017
2017-04-02,Southwest,2240,2017
2017-04-09,Southwest,2238,2017
2017-04-16,Southwest,2236,2017
2017-04-23,Southwest,2237,2017
2017-04-30,Southwest,2168,2017
2017-05-07,Southwest,2174,2017
2017-05-14,Southwest,2179,2017
2017-05-21,Southwest,2180,2017
2017-05-28,Southwest,2116,2017
2017-06-04,Southwest,2157,2017
2017-06-11,Southwest,2239,2017
2017-06-18,Southwest,2236,2017
2017-06-25,Southwest,2234,2017
2017-07-02,Southwest,2234,2017
2017-07-09,Southwest,2128,2017
2017-07-16,Southwest,2234,2017
2017-07-23,Southwest,2233,2017
2017-07-30,Southwest,2235,2017
2017-08-06,Southwest,2235,2017
2017-08-13,Southwest,2224,2017
2017-08-20,Southwest,2153,2017
2017-08-27,Southwest,2151,2017
2017-09-03,Southwest,2052,2017
2017-09-10,Southwest,2109,2017
2017-09-17,Southwest,2121,2017
2017-09-24,Southwest,2120,2017
2017-10-01,Southwest,2103,2017
2017-10-08,Southwest,2124,2017
2017-10-15,Southwest,2142,2017
2017-10-22,Southwest,2141,2017
2017-10-29,Southwest,2145,2017
2017-11-05,Southwest,2119,2017
2017-11-12,Southwest,2180,2017
2017-11-19,Southwest,2250,2017
2017-11-26,Southwest,2101,2017
2017-12-03,Southwest,2133,2017
2017-12-10,Southwest,2115,2017
2017-12-17,Southwest,2126,2017
2017-12-24,Southwest,2194,2017
2017-12-31,Southwest,2167,2017
2018-01-07,Southwest,2221,2018
2018-01-14,Southwest,2135,2018
2018-01-21,Southwest,2135,2018
2018-01-28,Southwest,2131,2018
2018-02-04,Southwest,2082,2018
2018-02-11,Southwest,2129,2018
2018-02-18,Southwest,2062,2018
2018-02-25,Southwest,2158,2018
2018-03-04,Southwest,2157,2018
2018-03-11,Southwest,2219,2018
2018-03-18,Southwest,2253,2018
2018-03-25,Southwest,2258,2018
2018-04-01,Southwest,2258,2018
2018-04-08,Southwest,2254,2018
2018-04-15,Southwest,2245,2018
2018-04-22,Southwest,2244,2018
2018-04-29,Southwest,2234,2018
2018-05-06,Southwest,2232,2018
2018-05-13,Southwest,2231,2018
2018-05-20,Southwest,2231,2018
2018-05-27,Southwest,2171,2018
2018-06-03,Southwest,2200,2018
2018-06-10,Southwest,2230,2018
2018-06-17,Southwest,2222,2018
2018-06-24,Southwest,2228,2018
2018-07-01,Southwest,2231,2018
2018-07-08,Southwest,2125,2018
2018-07-15,Southwest,2235,2018
2018-07-22,Southwest,2234,2018
2018-07-29,Southwest,2236,2018
2018-08-05,Southwest,2231,2018
2018-08-12,Southwest,2218,2018
2018-08-19,Southwest,2223,2018
2018-08-26,Southwest,2198,2018
2018-09-02,Southwest,2089,2018
2018-09-09,Southwest,2164,2018
2018-09-16,Southwest,2167,2018
2018-09-23,Southwest,2167,2018
2018-09-30,Southwest,2166,2018
2018-10-07,Southwest,2146,2018
2018-10-14,Southwest,2193,2018
2018-10-21,Southwest,2193,2018
2018-10-28,Southwest,2195,2018
2018-11-04,Southwest,2133,2018
2018-11-11,Southwest,2189,2018
2018-11-18,Southwest,2249,2018
2018-11-25,Southwest,2082,2018
2018-12-02,Southwest,2101,2018
2018-12-09,Southwest,2070,2018
2018-12-16,Southwest,2065,2018
2018-12-23,Southwest,2269,2018
2018-12-30,Southwest,2190,2018
2019-01-06,Southwest,2149,2019
2019-01-13,Southwest,2101,2019
2019-01-20,Southwest,2101,2019
2019-01-27,Southwest,2102,2019
2019-02-03,Southwest,2042,2019
2019-02-10,Southwest,2107,2019
2019-02-17,Southwest,2111,2019
2019-02-24,Southwest,2122,2019
2019-03-03,Southwest,2123,2019
2019-03-10,Southwest,2218,2019
2019-03-17,Southwest,2273,2019
2019-03-24,Southwest,2274,2019
2019-03-31,Southwest,2270,2019
2019-04-07,Southwest,2232,2019
2019-04-14,Southwest,2166,2019
2019-04-21,Southwest,2168,2019
2019-04-28,Southwest,2166,2019
2019-05-05,Southwest,2148,2019
2019-05-12,Southwest,2148,2019
2019-05-19,Southwest,2149,2019
2019-05-26,Southwest,2089,2019
2019-06-02,Southwest,2122,2019
2019-06-09,Southwest,2124,2019
2019-06-16,Southwest,2071,2019
2019-06-23,Southwest,2072,2019
2019-06-30,Southwest,2072,2019
2019-07-07,Southwest,1940,2019
2019-07-14,Southwest,2072,2019
2019-07-21,Southwest,2072,2019
2019-07-28,Southwest,2072,2019
2019-08-04,Southwest,2072,2019
2019-08-11,Southwest,2052,2019
2019-08-18,Southwest,2056,2019
2019-08-25,Southwest,2057,2019
2019-09-01,Southwest,1970,2019
2019-09-08,Southwest,2003,2019
2019-09-15,Southwest,2007,2019
2019-09-22,Southwest,2006,2019
2019-09-29,Southwest,2005,2019
2019-10-06,Southwest,2032,2019
2019-10-13,Southwest,2049,2019
2019-10-20,Southwest,2050,2019
2019-10-27,Southwest,2049,2019
2019-11-03,Southwest,1987,2019
2019-11-10,Southwest,1825,2019
2019-11-17,Southwest,1810,2019
2019-11-24,Southwest,1867,2019
2019-12-01,Southwest,1761,2019
2019-12-08,Southwest,1839,2019
2019-12-15,Southwest,1854,2019
2019-12-22,Southwest,1927,2019
2019-12-29,Southwest,1906,2019
2020-01-05,Southwest,526,2020
2020-01-12,Southwest,0,2020
2020-01-19,Southwest,0,2020
2020-01-26,Southwest,0,2020
2020-02-02,Southwest,0,2020
2020-02-09,Southwest,0,2020
2020-02-16,Southwest,0,2020
2020-02-23,Southwest,0,2020
2020-03-01,Southwest,0,2020
2020-03-08,Southwest,0,2020
2020-03-15,Southwest,0,2020
2020-03-22,Southwest,0,2020
2020-03-29,Southwest,0,2020
2020-04-05,Southwest,0,2020
2020-04-12,Southwest,0,2020
2020-04-19,Southwest,0,2020
2020-04-26,Southwest,0,2020
2020-05-03,Southwest,0,2020
2020-05-10,Southwest,0,2020
2020-05-17,Southwest,0,2020
2020-05-24,Southwest,0,2020
2020-05-31,Southwest,0,2020
2020-06-07,Southwest,0,2020
2020-06-14,Southwest,0,2020
2020-06-21,Southwest,0,2020
2020-06-28,Southwest,0,2020
2020-07-05,Southwest,0,2020
2020-07-12,Southwest,0,2020
2020-07-19,Southwest,0,2020
2020-07-26,Southwest,0,2020
2020-08-02,Southwest,0,2020
2020-08-09,Southwest,0,2020
2020-08-16,Southwest,0,2020
2020-08-23,Southwest,0,2020
2020-08-30,Southwest,0,2020
2020-09-06,Southwest,0,2020
2020-09-13,Southwest,0,2020
2020-09-20,Southwest,0,2020
2020-09-27,Southwest,0,2020
2020-10-04,Southwest,0,2020
2020-10-11,Southwest,0,2020
2020-10-18,Southwest,0,2020
2020-10-25,Southwest,0,2020
2020-11-01,Southwest,0,2020
2020-11-08,Southwest,0,2020
2020-11-15,Southwest,0,2020
2020-11-22,Southwest,0,2020
2020-11-29,Southwest,0,2020
2020-12-06,Southwest,0,2020
2020-12-13,Southwest,0,2020
2020-12-20,Southwest,0,2020
2020-12-27,Southwest,0,2020
2021-01-03,Southwest,489,2021
2021-01-10,Southwest,959,2021
2021-01-17,Southwest,873,2021
2021-01-24,Southwest,888,2021
2021-01-31,Southwest,867,2021
2021-02-07,Southwest,868,2021
2021-02-14,Southwest,887,2021
2021-02-21,Southwest,986,2021
2021-02-28,Southwest,982,2021
2021-03-07,Southwest,1023,2021
2021-03-14,Southwest,1253,2021
2021-03-21,Southwest,1393,2021
2021-03-28,Southwest,1395,2021
2021-04-04,Southwest,1392,2021
2021-04-11,Southwest,1382,2021
2021-04-18,Southwest,1203,2021
2021-04-25,Southwest,1214,2021
2021-05-02,Southwest,1202,2021
2021-05-09,Southwest,1225,2021
2021-05-16,Southwest,1347,2021
2021-05-23,Southwest,1342,2021
2021-05-30,Southwest,1352,2021
2021-06-06,Southwest,1427,2021
2021-06-13,Southwest,1562,2021
2021-06-20,Southwest,1556,2021
2021-06-27,Southwest,1565,2021
2021-07-04,Southwest,1546,2021
2021-07-11,Southwest,1522,2021
2021-07-18,Southwest,1530,2021
2021-07-25,Southwest,1530,2021
2021-08-01,Southwest,1530,2021
2021-08-08,Southwest,1526,2021
2021-08-15,Southwest,1523,2021
2021-08-22,Southwest,1516,2021
2021-08-29,Southwest,1516,2021
2021-09-05,Southwest,1524,2021
2021-09-12,Southwest,1512,2021
2021-09-19,Southwest,1499,2021
2021-09-26,Southwest,1497,2021
2021-10-03,Southwest,1499,2021
2021-10-10,Southwest,1531,2021
2021-10-17,Southwest,1558,2021
2021-10-24,Southwest,1559,2021
2021-10-31,Southwest,1560,2021
2021-11-07,Southwest,1565,2021
2021-11-14,Southwest,1531,2021
2021-11-21,Southwest,1559,2021
2021-11-28,Southwest,1583,2021
2021-12-05,Southwest,1508,2021
2021-12-12,Southwest,1432,2021
2021-12-19,Southwest,1536,2021
2021-12-26,Southwest,1581,2021
2022-01-02,Southwest,1619,2022
2022-01-09,Southwest,1459,2022
2022-01-16,Southwest,1449,2022
2022-01-23,Southwest,1523,2022
2022-01-30,Southwest,1530,2022
2022-02-06,Southwest,1524,2022
2022-02-13,Southwest,1532,2022
2022-02-20,Southwest,1565,2022
2022-02-27,Southwest,1585,2022
2022-03-06,Southwest,1517,2022
2022-03-13,Southwest,1497,2022
2022-03-20,Southwest,1539,2022
2022-03-27,Southwest,1539,2022
2022-04-03,Southwest,1550,2022
2022-04-10,Southwest,1635,2022
2022-04-17,Southwest,1637,2022
2022-04-24,Southwest,1640,2022
2022-05-01,Southwest,1645,2022
2022-05-08,Southwest,1664,2022
2022-05-15,Southwest,1660,2022
2022-05-22,Southwest,1660,2022
2022-05-29,Southwest,1660,2022
2022-06-05,Southwest,1631,2022
2022-06-12,Southwest,1583,2022
2022-06-19,Southwest,1583,2022
2022-06-26,Southwest,1583,2022
2022-07-03,Southwest,1580,2022
2022-07-10,Southwest,1616,2022
2022-07-17,Southwest,1624,2022
2022-07-24,Southwest,1622,2022
2022-07-31,Southwest,1619,2022
2022-08-07,Southwest,1618,2022
2022-08-14,Southwest,1618,2022
2022-08-21,Southwest,1618,2022
2022-08-28,Southwest,1616,2022
2022-09-04,Southwest,1572,2022
2022-09-11,Southwest,1618,2022
2022-09-18,Southwest,1620,2022
2022-09-25,Southwest,1608,2022
2022-10-02,Southwest,1628,2022
2022-10-09,Southwest,1644,2022
2022-10-16,Southwest,1702,2022
2022-10-23,Southwest,1692,2022
2022-10-30,Southwest,1693,2022
2022-11-06,Southwest,1707,2022
2022-11-13,Southwest,1641,2022
2022-11-20,Southwest,1641,2022
2022-11-27,Southwest,1564,2022
2022-12-04,Southwest,1627,2022
2022-12-11,Southwest,1643,2022
2022-12-18,Southwest,1668,2022
2022-12-25,Southwest,1637,2022
2023-01-01,Southwest,1647,2023
2023-01-08,Southwest,1620,2023
2023-01-15,Southwest,1594,2023
2023-01-22,Southwest,1596,2023
2023-01-29,Southwest,1596,2023
2023-02-05,Southwest,1596,2023
2023-02-12,Southwest,1609,2023
2023-02-19,Southwest,1609,2023
2023-02-26,Southwest,1605,2023
2023-03-05,Southwest,1607,2023
2023-03-12,Southwest,1621,2023
2023-03-19,Southwest,1640,2023
2023-03-26,Southwest,1640,2023
2023-04-02,Southwest,1638,2023
2023-04-09,Southwest,1638,2023
2023-04-16,Southwest,1762,2023
2023-04-23,Southwest,1784,2023
2023-04-30,Southwest,1784,2023
2023-05-07,Southwest,1777,2023
2023-05-14,Southwest,1799,2023
2023-05-21,Southwest,1803,2023
2023-05-28,Southwest,1785,2023
2023-06-04,Southwest,1776,2023
2023-06-11,Southwest,1786,2023
2023-06-18,Southwest,1786,2023
2023-06-25,Southwest,1788,2023
2023-07-02,Southwest,1788,2023
2023-07-09,Southwest,1808,2023
2023-07-16,Southwest,1858,2023
2023-07-23,Southwest,1868,2023
2023-07-30,Southwest,1868,2023
2023-08-06,Southwest,1868,2023
2023-08-13,Southwest,1868,2023
2023-08-20,Southwest,1825,2023
2023-08-27,Southwest,1808,2023
2023-09-03,Southwest,1775,2023
2023-09-10,Southwest,1809,2023
2023-09-17,Southwest,1819,2023
2023-09-24,Southwest,1819,2023
2023-10-01,Southwest,1824,2023
2023-10-08,Southwest,1864,2023
2023-10-15,Southwest,1883,2023
2023-10-22,Southwest,1883,2023
2023-10-29,Southwest,1886,2023
2023-11-05,Southwest,1917,2023
2023-11-12,Southwest,1879,2023
2023-11-19,Southwest,1881,2023
2023-11-26,Southwest,1874,2023
2023-12-03,Southwest,1896,2023
2023-12-10,Southwest,1879,2023
2023-12-17,Southwest,1882,2023
2023-12-24,Southwest,1976,2023
2023-12-31,Southwest,2025,2023
2024-01-07,Southwest,1930,2024
2024-01-14,Southwest,1593,2024
2024-01-21,Southwest,1592,2024
2024-01-28,Southwest,1594,2024
2024-02-04,Southwest,1594,2024
2024-02-11,Southwest,1594,2024
2024-02-18,Southwest,1585,2024
2024-02-25,Southwest,1582,2024
2024-03-03,Southwest,1582,2024
2024-03-10,Southwest,1691,2024
2024-03-17,Southwest,1822,2024
2024-03-24,Southwest,1822,2024
2024-03-31,Southwest,1820,2024
2024-04-07,Southwest,1805,2024
2024-04-14,Southwest,1784,2024
2024-04-21,Southwest,1779,2024
2024-04-28,Southwest,1779,2024
2024-05-05,Southwest,1763,2024
2024-05-12,Southwest,1748,2024
2024-05-19,Southwest,1749,2024
2024-05-26,Southwest,1707,2024
2024-06-02,Southwest,1722,2024
2024-06-09,Southwest,1626,2024
2024-06-16,Southwest,1599,2024
2024-06-23,Southwest,1596,2024
2024-06-30,Southwest,1599,2024
2024-07-07,Southwest,1497,2024
2024-07-14,Southwest,1600,2024
2024-07-21,Southwest,1604,2024
2024-07-28,Southwest,1603,2024
2024-08-04,Southwest,672,2024
2017-01-01,Spirit,107,2017
2017-01-08,Spirit,754,2017
2017-01-15,Spirit,754,2017
2017-01-22,Spirit,753,2017
2017-01-29,Spirit,754,2017
2017-02-05,Spirit,754,2017
2017-02-12,Spirit,757,2017
2017-02-19,Spirit,763,2017
2017-02-26,Spirit,761,2017
2017-03-05,Spirit,763,2017
2017-03-12,Spirit,768,2017
2017-03-19,Spirit,774,2017
2017-03-26,Spirit,774,2017
2017-04-02,Spirit,774,2017
2017-04-09,Spirit,774,2017
2017-04-16,Spirit,774,2017
2017-04-23,Spirit,774,2017
2017-04-30,Spirit,842,2017
2017-05-07,Spirit,901,2017
2017-05-14,Spirit,901,2017
2017-05-21,Spirit,901,2017
2017-05-28,Spirit,909,2017
2017-06-04,Spirit,915,2017
2017-06-11,Spirit,907,2017
2017-06-18,Spirit,906,2017
2017-06-25,Spirit,903,2017
2017-07-02,Spirit,903,2017
2017-07-09,Spirit,903,2017
2017-07-16,Spirit,906,2017
2017-07-23,Spirit,910,2017
2017-07-30,Spirit,910,2017
2017-08-06,Spirit,910,2017
2017-08-13,Spirit,910,2017
2017-08-20,Spirit,910,2017
2017-08-27,Spirit,910,2017
2017-09-03,Spirit,910,2017
2017-09-10,Spirit,896,2017
2017-09-17,Spirit,847,2017
2017-09-24,Spirit,847,2017
2017-10-01,Spirit,845,2017
2017-10-08,Spirit,846,2017
2017-10-15,Spirit,848,2017
2017-10-22,Spirit,847,2017
2017-10-29,Spirit,847,2017
2017-11-05,Spirit,847,2017
2017-11-12,Spirit,782,2017
2017-11-19,Spirit,786,2017
2017-11-26,Spirit,786,2017
2017-12-03,Spirit,739,2017
2017-12-10,Spirit,738,2017
2017-12-17,Spirit,741,2017
2017-12-24,Spirit,747,2017
2017-12-31,Spirit,785,2017
2018-01-07,Spirit,786,2018
2018-01-14,Spirit,786,2018
2018-01-21,Spirit,779,2018
2018-01-28,Spirit,779,2018
2018-02-04,Spirit,779,2018
2018-02-11,Spirit,778,2018
2018-02-18,Spirit,782,2018
2018-02-25,Spirit,783,2018
2018-03-04,Spirit,782,2018
2018-03-11,Spirit,786,2018
2018-03-18,Spirit,791,2018
2018-03-25,Spirit,797,2018
2018-04-01,Spirit,796,2018
2018-04-08,Spirit,799,2018
2018-04-15,Spirit,871,2018
2018-04-22,Spirit,873,2018
2018-04-29,Spirit,873,2018
2018-05-06,Spirit,878,2018
2018-05-13,Spirit,879,2018
2018-05-20,Spirit,879,2018
2018-05-27,Spirit,897,2018
2018-06-03,Spirit,975,2018
2018-06-10,Spirit,980,2018
2018-06-17,Spirit,980,2018
2018-06-24,Spirit,987,2018
2018-07-01,Spirit,987,2018
2018-07-08,Spirit,987,2018
2018-07-15,Spirit,986,2018
2018-07-22,Spirit,987,2018
2018-07-29,Spirit,987,2018
2018-08-05,Spirit,987,2018
2018-08-12,Spirit,985,2018
2018-08-19,Spirit,987,2018
2018-08-26,Spirit,985,2018
2018-09-02,Spirit,984,2018
2018-09-09,Spirit,920,2018
2018-09-16,Spirit,791,2018
2018-09-23,Spirit,791,2018
2018-09-30,Spirit,791,2018
2018-10-07,Spirit,803,2018
2018-10-14,Spirit,803,2018
2018-10-21,Spirit,803,2018
2018-10-28,Spirit,802,2018
2018-11-04,Spirit,803,2018
2018-11-11,Spirit,752,2018
2018-11-18,Spirit,810,2018
2018-11-25,Spirit,834,2018
2018-12-02,Spirit,746,2018
2018-12-09,Spirit,735,2018
2018-12-16,Spirit,744,2018
2018-12-23,Spirit,808,2018
2018-12-30,Spirit,862,2018
2019-01-06,Spirit,862,2019
2019-01-13,Spirit,809,2019
2019-01-20,Spirit,761,2019
2019-01-27,Spirit,764,2019
2019-02-03,Spirit,763,2019
2019-02-10,Spirit,765,2019
2019-02-17,Spirit,762,2019
2019-02-24,Spirit,814,2019
2019-03-03,Spirit,703,2019
2019-03-10,Spirit,821,2019
2019-03-17,Spirit,827,2019
2019-03-24,Spirit,837,2019
2019-03-31,Spirit,839,2019
2019-04-07,Spirit,839,2019
2019-04-14,Spirit,841,2019
2019-04-21,Spirit,846,2019
2019-04-28,Spirit,852,2019
2019-05-05,Spirit,930,2019
2019-05-12,Spirit,1008,2019
2019-05-19,Spirit,1008,2019
2019-05-26,Spirit,1024,2019
2019-06-02,Spirit,1034,2019
2019-06-09,Spirit,1028,2019
2019-06-16,Spirit,1029,2019
2019-06-23,Spirit,1042,2019
2019-06-30,Spirit,1047,2019
2019-07-07,Spirit,1048,2019
2019-07-14,Spirit,1048,2019
2019-07-21,Spirit,1048,2019
2019-07-28,Spirit,1048,2019
2019-08-04,Spirit,1048,2019
2019-08-11,Spirit,1048,2019
2019-08-18,Spirit,1048,2019
2019-08-25,Spirit,1048,2019
2019-09-01,Spirit,1050,2019
2019-09-08,Spirit,1000,2019
2019-09-15,Spirit,907,2019
2019-09-22,Spirit,907,2019
2019-09-29,Spirit,907,2019
2019-10-06,Spirit,906,2019
2019-10-13,Spirit,905,2019
2019-10-20,Spirit,905,2019
2019-10-27,Spirit,905,2019
2019-11-03,Spirit,903,2019
2019-11-10,Spirit,895,2019
2019-11-17,Spirit,851,2019
2019-11-24,Spirit,890,2019
2019-12-01,Spirit,890,2019
2019-12-08,Spirit,787,2019
2019-12-15,Spirit,783,2019
2019-12-22,Spirit,805,2019
2019-12-29,Spirit,878,2019
2020-01-05,Spirit,252,2020
2020-01-12,Spirit,0,2020
2020-01-19,Spirit,0,2020
2020-01-26,Spirit,0,2020
2020-02-02,Spirit,0,2020
2020-02-09,Spirit,0,2020
2020-02-16,Spirit,0,2020
2020-02-23,Spirit,0,2020
2020-03-01,Spirit,0,2020
2020-03-08,Spirit,0,2020
2020-03-15,Spirit,0,2020
2020-03-22,Spirit,0,2020
2020-03-29,Spirit,0,2020
2020-04-05,Spirit,0,2020
2020-04-12,Spirit,0,2020
2020-04-19,Spirit,0,2020
2020-04-26,Spirit,0,2020
2020-05-03,Spirit,0,2020
2020-05-10,Spirit,0,2020
2020-05-17,Spirit,0,2020
2020-05-24,Spirit,0,2020
2020-05-31,Spirit,0,2020
2020-06-07,Spirit,0,2020
2020-06-14,Spirit,0,2020
2020-06-21,Spirit,0,2020
2020-06-28,Spirit,0,2020
2020-07-05,Spirit,0,2020
2020-07-12,Spirit,0,2020
2020-07-19,Spirit,0,2020
2020-07-26,Spirit,0,2020
2020-08-02,Spirit,0,2020
2020-08-09,Spirit,0,2020
2020-08-16,Spirit,0,2020
2020-08-23,Spirit,0,2020
2020-08-30,Spirit,0,2020
2020-09-06,Spirit,0,2020
2020-09-13,Spirit,0,2020
2020-09-20,Spirit,0,2020
2020-09-27,Spirit,0,2020
2020-10-04,Spirit,0,2020
2020-10-11,Spirit,0,2020
2020-10-18,Spirit,0,2020
2020-10-25,Spirit,0,2020
2020-11-01,Spirit,0,2020
2020-11-08,Spirit,0,2020
2020-11-15,Spirit,0,2020
2020-11-22,Spirit,0,2020
2020-11-29,Spirit,0,2020
2020-12-06,Spirit,0,2020
2020-12-13,Spirit,0,2020
2020-12-20,Spirit,0,2020
2020-12-27,Spirit,0,2020
2021-01-03,Spirit,370,2021
2021-01-10,Spirit,645,2021
2021-01-17,Spirit,539,2021
2021-01-24,Spirit,542,2021
2021-01-31,Spirit,545,2021
2021-02-07,Spirit,547,2021
2021-02-14,Spirit,584,2021
2021-02-21,Spirit,623,2021
2021-02-28,Spirit,621,2021
2021-03-07,Spirit,636,2021
2021-03-14,Spirit,739,2021
2021-03-21,Spirit,789,2021
2021-03-28,Spirit,788,2021
2021-04-04,Spirit,791,2021
2021-04-11,Spirit,796,2021
2021-04-18,Spirit,725,2021
2021-04-25,Spirit,712,2021
2021-05-02,Spirit,601,2021
2021-05-09,Spirit,795,2021
2021-05-16,Spirit,856,2021
2021-05-23,Spirit,857,2021
2021-05-30,Spirit,862,2021
2021-06-06,Spirit,874,2021
2021-06-13,Spirit,797,2021
2021-06-20,Spirit,818,2021
2021-06-27,Spirit,826,2021
2021-07-04,Spirit,837,2021
2021-07-11,Spirit,945,2021
2021-07-18,Spirit,979,2021
2021-07-25,Spirit,989,2021
2021-08-01,Spirit,999,2021
2021-08-08,Spirit,1002,2021
2021-08-15,Spirit,1001,2021
2021-08-22,Spirit,982,2021
2021-08-29,Spirit,974,2021
2021-09-05,Spirit,969,2021
2021-09-12,Spirit,934,2021
2021-09-19,Spirit,912,2021
2021-09-26,Spirit,912,2021
2021-10-03,Spirit,920,2021
2021-10-10,Spirit,905,2021
2021-10-17,Spirit,891,2021
2021-10-24,Spirit,892,2021
2021-10-31,Spirit,893,2021
2021-11-07,Spirit,901,2021
2021-11-14,Spirit,901,2021
2021-11-21,Spirit,1031,2021
2021-11-28,Spirit,1103,2021
2021-12-05,Spirit,989,2021
2021-12-12,Spirit,921,2021
2021-12-19,Spirit,971,2021
2021-12-26,Spirit,1050,2021
2022-01-02,Spirit,1104,2022
2022-01-09,Spirit,990,2022
2022-01-16,Spirit,930,2022
2022-01-23,Spirit,924,2022
2022-01-30,Spirit,926,2022
2022-02-06,Spirit,937,2022
2022-02-13,Spirit,944,2022
2022-02-20,Spirit,1001,2022
2022-02-27,Spirit,1036,2022
2022-03-06,Spirit,1014,2022
2022-03-13,Spirit,1027,2022
2022-03-20,Spirit,1065,2022
2022-03-27,Spirit,1075,2022
2022-04-03,Spirit,1077,2022
2022-04-10,Spirit,1070,2022
2022-04-17,Spirit,1069,2022
2022-04-24,Spirit,1037,2022
2022-05-01,Spirit,1041,2022
2022-05-08,Spirit,1105,2022
2022-05-15,Spirit,1154,2022
2022-05-22,Spirit,1149,2022
2022-05-29,Spirit,1141,2022
2022-06-05,Spirit,1099,2022
2022-06-12,Spirit,1220,2022
2022-06-19,Spirit,1220,2022
2022-06-26,Spirit,1230,2022
2022-07-03,Spirit,1233,2022
2022-07-10,Spirit,1233,2022
2022-07-17,Spirit,1234,2022
2022-07-24,Spirit,1234,2022
2022-07-31,Spirit,1234,2022
2022-08-07,Spirit,1237,2022
2022-08-14,Spirit,1241,2022
2022-08-21,Spirit,1246,2022
2022-08-28,Spirit,1246,2022
2022-09-04,Spirit,1246,2022
2022-09-11,Spirit,1309,2022
2022-09-18,Spirit,1339,2022
2022-09-25,Spirit,1341,2022
2022-10-02,Spirit,1341,2022
2022-10-09,Spirit,1325,2022
2022-10-16,Spirit,1326,2022
2022-10-23,Spirit,1328,2022
2022-10-30,Spirit,1328,2022
2022-11-06,Spirit,1305,2022
2022-11-13,Spirit,1340,2022
2022-11-20,Spirit,1346,2022
2022-11-27,Spirit,1327,2022
2022-12-04,Spirit,1346,2022
2022-12-11,Spirit,1306,2022
2022-12-18,Spirit,1301,2022
2022-12-25,Spirit,1300,2022
2023-01-01,Spirit,1303,2023
2023-01-08,Spirit,1336,2023
2023-01-15,Spirit,1351,2023
2023-01-22,Spirit,1344,2023
2023-01-29,Spirit,1341,2023
2023-02-05,Spirit,1345,2023
2023-02-12,Spirit,1310,2023
2023-02-19,Spirit,1308,2023
2023-02-26,Spirit,1308,2023
2023-03-05,Spirit,1306,2023
2023-03-12,Spirit,1297,2023
2023-03-19,Spirit,1314,2023
2023-03-26,Spirit,1322,2023
2023-04-02,Spirit,1326,2023
2023-04-09,Spirit,1341,2023
2023-04-16,Spirit,1353,2023
2023-04-23,Spirit,1355,2023
2023-04-30,Spirit,1355,2023
2023-05-07,Spirit,1366,2023
2023-05-14,Spirit,1399,2023
2023-05-21,Spirit,1400,2023
2023-05-28,Spirit,1400,2023
2023-06-04,Spirit,1396,2023
2023-06-11,Spirit,1371,2023
2023-06-18,Spirit,1362,2023
2023-06-25,Spirit,1367,2023
2023-07-02,Spirit,1365,2023
2023-07-09,Spirit,1290,2023
2023-07-16,Spirit,1331,2023
2023-07-23,Spirit,1331,2023
2023-07-30,Spirit,1328,2023
2023-08-06,Spirit,1331,2023
2023-08-13,Spirit,1343,2023
2023-08-20,Spirit,1353,2023
2023-08-27,Spirit,1353,2023
2023-09-03,Spirit,1355,2023
2023-09-10,Spirit,1312,2023
2023-09-17,Spirit,1301,2023
2023-09-24,Spirit,1308,2023
2023-10-01,Spirit,1310,2023
2023-10-08,Spirit,1308,2023
2023-10-15,Spirit,1393,2023
2023-10-22,Spirit,1400,2023
2023-10-29,Spirit,1395,2023
2023-11-05,Spirit,1336,2023
2023-11-12,Spirit,1386,2023
2023-11-19,Spirit,1409,2023
2023-11-26,Spirit,1364,2023
2023-12-03,Spirit,1421,2023
2023-12-10,Spirit,1308,2023
2023-12-17,Spirit,1317,2023
2023-12-24,Spirit,1310,2023
2023-12-31,Spirit,1260,2023
2024-01-07,Spirit,1321,2024
2024-01-14,Spirit,1207,2024
2024-01-21,Spirit,1121,2024
2024-01-28,Spirit,1122,2024
2024-02-04,Spirit,1122,2024
2024-02-11,Spirit,1127,2024
2024-02-18,Spirit,1143,2024
2024-02-25,Spirit,1174,2024
2024-03-03,Spirit,1174,2024
2024-03-10,Spirit,1183,2024
2024-03-17,Spirit,1209,2024
2024-03-24,Spirit,1210,2024
2024-03-31,Spirit,1229,2024
2024-04-07,Spirit,1209,2024
2024-04-14,Spirit,1201,2024
2024-04-21,Spirit,1205,2024
2024-04-28,Spirit,1204,2024
2024-05-05,Spirit,1203,2024
2024-05-12,Spirit,1249,2024
2024-05-19,Spirit,1272,2024
2024-05-26,Spirit,1283,2024
2024-06-02,Spirit,1284,2024
2024-06-09,Spirit,1278,2024
2024-06-16,Spirit,1288,2024
2024-06-23,Spirit,1288,2024
2024-06-30,Spirit,1287,2024
2024-07-07,Spirit,1259,2024
2024-07-14,Spirit,1372,2024
2024-07-21,Spirit,1409,2024
2024-07-28,Spirit,1404,2024
2024-08-04,Spirit,590,2024
2017-01-01,United,471,2017
2017-01-08,United,3341,2017
2017-01-15,United,3179,2017
2017-01-22,United,3227,2017
2017-01-29,United,3233,2017
2017-02-05,United,3211,2017
2017-02-12,United,3276,2017
2017-02-19,United,3337,2017
2017-02-26,United,3484,2017
2017-03-05,United,3495,2017
2017-03-12,United,3613,2017
2017-03-19,United,3670,2017
2017-03-26,United,3668,2017
2017-04-02,United,3666,2017
2017-04-09,United,3671,2017
2017-04-16,United,3668,2017
2017-04-23,United,3677,2017
2017-04-30,United,3786,2017
2017-05-07,United,3817,2017
2017-05-14,United,3893,2017
2017-05-21,United,3888,2017
2017-05-28,United,3761,2017
2017-06-04,United,3832,2017
2017-06-11,United,4093,2017
2017-06-18,United,4257,2017
2017-06-25,United,4266,2017
2017-07-02,United,4184,2017
2017-07-09,United,3977,2017
2017-07-16,United,4256,2017
2017-07-23,United,4257,2017
2017-07-30,United,4267,2017
2017-08-06,United,4244,2017
2017-08-13,United,4240,2017
2017-08-20,United,4267,2017
2017-08-27,United,4275,2017
2017-09-03,United,4028,2017
2017-09-10,United,3932,2017
2017-09-17,United,4076,2017
2017-09-24,United,4079,2017
2017-10-01,United,4091,2017
2017-10-08,United,4051,2017
2017-10-15,United,4003,2017
2017-10-22,United,4007,2017
2017-10-29,United,3996,2017
2017-11-05,United,3854,2017
2017-11-12,United,3931,2017
2017-11-19,United,3907,2017
2017-11-26,United,3515,2017
2017-12-03,United,3877,2017
2017-12-10,United,3825,2017
2017-12-17,United,3824,2017
2017-12-24,United,3756,2017
2017-12-31,United,3613,2017
2018-01-07,United,3755,2018
2018-01-14,United,3249,2018
2018-01-21,United,3256,2018
2018-01-28,United,3265,2018
2018-02-04,United,3294,2018
2018-02-11,United,3297,2018
2018-02-18,United,3471,2018
2018-02-25,United,3664,2018
2018-03-04,United,3664,2018
2018-03-11,United,3695,2018
2018-03-18,United,3787,2018
2018-03-25,United,3785,2018
2018-04-01,United,3771,2018
2018-04-08,United,3772,2018
2018-04-15,United,4034,2018
2018-04-22,United,4037,2018
2018-04-29,United,4123,2018
2018-05-06,United,4138,2018
2018-05-13,United,4120,2018
2018-05-20,United,4122,2018
2018-05-27,United,4038,2018
2018-06-03,United,4085,2018
2018-06-10,United,4308,2018
2018-06-17,United,4524,2018
2018-06-24,United,4526,2018
2018-07-01,United,4521,2018
2018-07-08,United,4178,2018
2018-07-15,United,4498,2018
2018-07-22,United,4495,2018
2018-07-29,United,4489,2018
2018-08-05,United,4462,2018
2018-08-12,United,4450,2018
2018-08-19,United,4446,2018
2018-08-26,United,4409,2018
2018-09-02,United,4221,2018
2018-09-09,United,4282,2018
2018-09-16,United,4291,2018
2018-09-23,United,4299,2018
2018-09-30,United,4284,2018
2018-10-07,United,4283,2018
2018-10-14,United,4344,2018
2018-10-21,United,4332,2018
2018-10-28,United,4282,2018
2018-11-04,United,3995,2018
2018-11-11,United,4211,2018
2018-11-18,United,4214,2018
2018-11-25,United,4115,2018
2018-12-02,United,4132,2018
2018-12-09,United,4021,2018
2018-12-16,United,4030,2018
2018-12-23,United,4055,2018
2018-12-30,United,3801,2018
2019-01-06,United,3843,2019
2019-01-13,United,3311,2019
2019-01-20,United,3254,2019
2019-01-27,United,3278,2019
2019-02-03,United,3326,2019
2019-02-10,United,3316,2019
2019-02-17,United,3577,2019
2019-02-24,United,3811,2019
2019-03-03,United,3802,2019
2019-03-10,United,3900,2019
2019-03-17,United,4153,2019
2019-03-24,United,4154,2019
2019-03-31,United,4177,2019
2019-04-07,United,4146,2019
2019-04-14,United,4129,2019
2019-04-21,United,4113,2019
2019-04-28,United,4123,2019
2019-05-05,United,4127,2019
2019-05-12,United,4150,2019
2019-05-19,United,4149,2019
2019-05-26,United,4066,2019
2019-06-02,United,4143,2019
2019-06-09,United,4243,2019
2019-06-16,United,4306,2019
2019-06-23,United,4301,2019
2019-06-30,United,4292,2019
2019-07-07,United,4081,2019
2019-07-14,United,4319,2019
2019-07-21,United,4307,2019
2019-07-28,United,4314,2019
2019-08-04,United,4280,2019
2019-08-11,United,4223,2019
2019-08-18,United,4219,2019
2019-08-25,United,4282,2019
2019-09-01,United,4129,2019
2019-09-08,United,4215,2019
2019-09-15,United,4234,2019
2019-09-22,United,4249,2019
2019-09-29,United,4238,2019
2019-10-06,United,4317,2019
2019-10-13,United,4348,2019
2019-10-20,United,4366,2019
2019-10-27,United,4328,2019
2019-11-03,United,3995,2019
2019-11-10,United,4083,2019
2019-11-17,United,4074,2019
2019-11-24,United,4098,2019
2019-12-01,United,3976,2019
2019-12-08,United,3993,2019
2019-12-15,United,3893,2019
2019-12-22,United,3942,2019
2019-12-29,United,3754,2019
2020-01-05,United,1068,2020
2020-01-12,United,0,2020
2020-01-19,United,0,2020
2020-01-26,United,0,2020
2020-02-02,United,0,2020
2020-02-09,United,0,2020
2020-02-16,United,0,2020
2020-02-23,United,0,2020
2020-03-01,United,0,2020
2020-03-08,United,0,2020
2020-03-15,United,0,2020
2020-03-22,United,0,2020
2020-03-29,United,0,2020
2020-04-05,United,0,2020
2020-04-12,United,0,2020
2020-04-19,United,0,2020
2020-04-26,United,0,2020
2020-05-03,United,0,2020
2020-05-10,United,0,2020
2020-05-17,United,0,2020
2020-05-24,United,0,2020
2020-05-31,United,0,2020
2020-06-07,United,0,2020
2020-06-14,United,0,2020
2020-06-21,United,0,2020
2020-06-28,United,0,2020
2020-07-05,United,0,2020
2020-07-12,United,0,2020
2020-07-19,United,0,2020
2020-07-26,United,0,2020
2020-08-02,United,0,2020
2020-08-09,United,0,2020
2020-08-16,United,0,2020
2020-08-23,United,0,2020
2020-08-30,United,0,2020
2020-09-06,United,0,2020
2020-09-13,United,0,2020
2020-09-20,United,0,2020
2020-09-27,United,0,2020
2020-10-04,United,0,2020
2020-10-11,United,0,2020
2020-10-18,United,0,2020
2020-10-25,United,0,2020
2020-11-01,United,0,2020
2020-11-08,United,0,2020
2020-11-15,United,0,2020
2020-11-22,United,0,2020
2020-11-29,United,0,2020
2020-12-06,United,0,2020
2020-12-13,United,0,2020
2020-12-20,United,0,2020
2020-12-27,United,0,2020
2021-01-03,United,818,2021
2021-01-10,United,1678,2021
2021-01-17,United,1592,2021
2021-01-24,United,1594,2021
2021-01-31,United,1584,2021
2021-02-07,United,1584,2021
2021-02-14,United,1628,2021
2021-02-21,United,1638,2021
2021-02-28,United,1637,2021
2021-03-07,United,1792,2021
2021-03-14,United,1896,2021
2021-03-21,United,1916,2021
2021-03-28,United,1953,2021
2021-04-04,United,1969,2021
2021-04-11,United,1910,2021
2021-04-18,United,1864,2021
2021-04-25,United,1850,2021
2021-05-02,United,1837,2021
2021-05-09,United,1953,2021
2021-05-16,United,2020,2021
2021-05-23,United,2205,2021
2021-05-30,United,2254,2021
2021-06-06,United,2448,2021
2021-06-13,United,2538,2021
2021-06-20,United,2579,2021
2021-06-27,United,2592,2021
2021-07-04,United,2717,2021
2021-07-11,United,2997,2021
2021-07-18,United,3015,2021
2021-07-25,United,3027,2021
2021-08-01,United,3040,2021
2021-08-08,United,3147,2021
2021-08-15,United,3149,2021
2021-08-22,United,3146,2021
2021-08-29,United,3151,2021
2021-09-05,United,3135,2021
2021-09-12,United,3346,2021
2021-09-19,United,3421,2021
2021-09-26,United,3413,2021
2021-10-03,United,3365,2021
2021-10-10,United,3656,2021
2021-10-17,United,3718,2021
2021-10-24,United,3728,2021
2021-10-31,United,3680,2021
2021-11-07,United,3636,2021
2021-11-14,United,3657,2021
2021-11-21,United,3721,2021
2021-11-28,United,3539,2021
2021-12-05,United,3708,2021
2021-12-12,United,3710,2021
2021-12-19,United,3756,2021
2021-12-26,United,3702,2021
2022-01-02,United,3716,2022
2022-01-09,United,3658,2022
2022-01-16,United,3484,2022
2022-01-23,United,3356,2022
2022-01-30,United,3355,2022
2022-02-06,United,3454,2022
2022-02-13,United,3587,2022
2022-02-20,United,3673,2022
2022-02-27,United,3667,2022
2022-03-06,United,3658,2022
2022-03-13,United,3681,2022
2022-03-20,United,3676,2022
2022-03-27,United,3676,2022
2022-04-03,United,3717,2022
2022-04-10,United,3732,2022
2022-04-17,United,3754,2022
2022-04-24,United,3747,2022
2022-05-01,United,3765,2022
2022-05-08,United,3979,2022
2022-05-15,United,4123,2022
2022-05-22,United,4134,2022
2022-05-29,United,4132,2022
2022-06-05,United,4102,2022
2022-06-12,United,4127,2022
2022-06-19,United,4135,2022
2022-06-26,United,4135,2022
2022-07-03,United,4100,2022
2022-07-10,United,4058,2022
2022-07-17,United,4095,2022
2022-07-24,United,4068,2022
2022-07-31,United,4071,2022
2022-08-07,United,4070,2022
2022-08-14,United,4062,2022
2022-08-21,United,4100,2022
2022-08-28,United,4086,2022
2022-09-04,United,4015,2022
2022-09-11,United,4071,2022
2022-09-18,United,3896,2022
2022-09-25,United,3572,2022
2022-10-02,United,4223,2022
2022-10-09,United,4287,2022
2022-10-16,United,4287,2022
2022-10-23,United,4290,2022
2022-10-30,United,4292,2022
2022-11-06,United,4280,2022
2022-11-13,United,4249,2022
2022-11-20,United,4284,2022
2022-11-27,United,4119,2022
2022-12-04,United,4414,2022
2022-12-11,United,4475,2022
2022-12-18,United,4517,2022
2022-12-25,United,4438,2022
2023-01-01,United,4346,2023
2023-01-08,United,4216,2023
2023-01-15,United,4167,2023
2023-01-22,United,4159,2023
2023-01-29,United,4214,2023
2023-02-05,United,4214,2023
2023-02-12,United,4301,2023
2023-02-19,United,4420,2023
2023-02-26,United,4410,2023
2023-03-05,United,4473,2023
2023-03-12,United,4624,2023
2023-03-19,United,4630,2023
2023-03-26,United,4617,2023
2023-04-02,United,4589,2023
2023-04-09,United,4594,2023
2023-04-16,United,4594,2023
2023-04-23,United,4588,2023
2023-04-30,United,4582,2023
2023-05-07,United,4723,2023
2023-05-14,United,4847,2023
2023-05-21,United,4834,2023
2023-05-28,United,4830,2023
2023-06-04,United,4772,2023
2023-06-11,United,4820,2023
2023-06-18,United,4795,2023
2023-06-25,United,4808,2023
2023-07-02,United,4849,2023
2023-07-09,United,4642,2023
2023-07-16,United,4929,2023
2023-07-23,United,4948,2023
2023-07-30,United,4962,2023
2023-08-06,United,5077,2023
2023-08-13,United,5000,2023
2023-08-20,United,5006,2023
2023-08-27,United,4999,2023
2023-09-03,United,4933,2023
2023-09-10,United,4967,2023
2023-09-17,United,4959,2023
2023-09-24,United,4945,2023
2023-10-01,United,5010,2023
2023-10-08,United,5062,2023
2023-10-15,United,5063,2023
2023-10-22,United,5053,2023
2023-10-29,United,4987,2023
2023-11-05,United,4448,2023
2023-11-12,United,4412,2023
2023-11-19,United,4435,2023
2023-11-26,United,4171,2023
2023-12-03,United,4448,2023
2023-12-10,United,4435,2023
2023-12-17,United,4393,2023
2023-12-24,United,4268,2023
2023-12-31,United,4192,2023
2024-01-07,United,4261,2024
2024-01-14,United,4246,2024
2024-01-21,United,4266,2024
2024-01-28,United,4275,2024
2024-02-04,United,4302,2024
2024-02-11,United,4325,2024
2024-02-18,United,4428,2024
2024-02-25,United,4553,2024
2024-03-03,United,4559,2024
2024-03-10,United,4685,2024
2024-03-17,United,4754,2024
2024-03-24,United,4754,2024
2024-03-31,United,4746,2024
2024-04-07,United,4730,2024
2024-04-14,United,4734,2024
2024-04-21,United,4708,2024
2024-04-28,United,4711,2024
2024-05-05,United,4798,2024
2024-05-12,United,4837,2024
2024-05-19,United,4836,2024
2024-05-26,United,4723,2024
2024-06-02,United,4765,2024
2024-06-09,United,4770,2024
2024-06-16,United,4778,2024
2024-06-23,United,4773,2024
2024-06-30,United,4770,2024
2024-07-07,United,4703,2024
2024-07-14,United,4805,2024
2024-07-21,United,4827,2024
2024-07-28,United,4815,2024
2024-08-04,United,2074,2024
