Flight Count,Year,Month,Week,Day,Day of Week,Holiday
2510,2017,1,52,1,Sun,New Year's Day
2837,2017,1,1,2,Mon,New Year's Day (observed)
2789,2017,1,1,3,Tue,
2693,2017,1,1,4,Wed,
2737,2017,1,1,5,Thu,
2747,2017,1,1,6,Fri,
2230,2017,1,1,7,Sat,
2672,2017,1,1,8,Sun,
2828,2017,1,2,9,Mon,
2686,2017,1,2,10,Tue,
2725,2017,1,2,11,Wed,
2836,2017,1,2,12,Thu,
2839,2017,1,2,13,Fri,
2090,2017,1,2,14,Sat,
2431,2017,1,2,15,Sun,
2823,2017,1,3,16,Mon,Martin Luther King Jr. Day
2680,2017,1,3,17,Tue,
2725,2017,1,3,18,Wed,
2835,2017,1,3,19,Thu,
2843,2017,1,3,20,Fri,
2142,2017,1,3,21,Sat,
2633,2017,1,3,22,Sun,
2827,2017,1,4,23,Mon,
2677,2017,1,4,24,Tue,
2721,2017,1,4,25,Wed,
2835,2017,1,4,26,Thu,
2841,2017,1,4,27,Fri,
2134,2017,1,4,28,Sat,
2612,2017,1,4,29,Sun,
2826,2017,1,5,30,Mon,
2680,2017,1,5,31,Tue,
2724,2017,2,5,1,Wed,
2839,2017,2,5,2,Thu,
2845,2017,2,5,3,Fri,
2090,2017,2,5,4,Sat,
2384,2017,2,5,5,Sun,
2820,2017,2,6,6,Mon,
2685,2017,2,6,7,Tue,
2724,2017,2,6,8,Wed,
2842,2017,2,6,9,Thu,
2844,2017,2,6,10,Fri,
2137,2017,2,6,11,Sat,
2640,2017,2,6,12,Sun,
2831,2017,2,7,13,Mon,
2623,2017,2,7,14,Tue,
2741,2017,2,7,15,Wed,
2889,2017,2,7,16,Thu,
2909,2017,2,7,17,Fri,
2204,2017,2,7,18,Sat,
2544,2017,2,7,19,Sun,
2890,2017,2,8,20,Mon,Washington's Birthday
2832,2017,2,8,21,Tue,
2845,2017,2,8,22,Wed,
2901,2017,2,8,23,Thu,
2901,2017,2,8,24,Fri,
2271,2017,2,8,25,Sat,
2743,2017,2,8,26,Sun,
2899,2017,2,9,27,Mon,
2820,2017,2,9,28,Tue,
2845,2017,3,9,1,Wed,
2905,2017,3,9,2,Thu,
2910,2017,3,9,3,Fri,
2283,2017,3,9,4,Sat,
2761,2017,3,9,5,Sun,
2921,2017,3,10,6,Mon,
2841,2017,3,10,7,Tue,
2862,2017,3,10,8,Wed,
2973,2017,3,10,9,Thu,
2969,2017,3,10,10,Fri,
2443,2017,3,10,11,Sat,
2893,2017,3,10,12,Sun,
2973,2017,3,11,13,Mon,
2877,2017,3,11,14,Tue,
2907,2017,3,11,15,Wed,
2975,2017,3,11,16,Thu,
2969,2017,3,11,17,Fri,
2446,2017,3,11,18,Sat,
2898,2017,3,11,19,Sun,
2971,2017,3,12,20,Mon,
2878,2017,3,12,21,Tue,
2907,2017,3,12,22,Wed,
2976,2017,3,12,23,Thu,
2966,2017,3,12,24,Fri,
2449,2017,3,12,25,Sat,
2861,2017,3,12,26,Sun,
2965,2017,3,13,27,Mon,
2873,2017,3,13,28,Tue,
2904,2017,3,13,29,Wed,
2966,2017,3,13,30,Thu,
2952,2017,3,13,31,Fri,
2438,2017,4,13,1,Sat,
2889,2017,4,13,2,Sun,
2984,2017,4,14,3,Mon,
2899,2017,4,14,4,Tue,
2914,2017,4,14,5,Wed,
2978,2017,4,14,6,Thu,
2983,2017,4,14,7,Fri,
2418,2017,4,14,8,Sat,
2862,2017,4,14,9,Sun,
2979,2017,4,15,10,Mon,
2889,2017,4,15,11,Tue,
2915,2017,4,15,12,Wed,
2985,2017,4,15,13,Thu,
2977,2017,4,15,14,Fri,
2375,2017,4,15,15,Sat,
2794,2017,4,15,16,Sun,
2982,2017,4,16,17,Mon,
2890,2017,4,16,18,Tue,
2917,2017,4,16,19,Wed,
2988,2017,4,16,20,Thu,
2997,2017,4,16,21,Fri,
2426,2017,4,16,22,Sat,
2869,2017,4,16,23,Sun,
3005,2017,4,17,24,Mon,
2903,2017,4,17,25,Tue,
2932,2017,4,17,26,Wed,
3018,2017,4,17,27,Thu,
3029,2017,4,17,28,Fri,
2427,2017,4,17,29,Sat,
2893,2017,4,17,30,Sun,
3032,2017,5,18,1,Mon,
2942,2017,5,18,2,Tue,
2966,2017,5,18,3,Wed,
3022,2017,5,18,4,Thu,
3055,2017,5,18,5,Fri,
2465,2017,5,18,6,Sat,
2928,2017,5,18,7,Sun,
3059,2017,5,19,8,Mon,
2994,2017,5,19,9,Tue,
3010,2017,5,19,10,Wed,
3057,2017,5,19,11,Thu,
3063,2017,5,19,12,Fri,
2433,2017,5,19,13,Sat,
2877,2017,5,19,14,Sun,
3060,2017,5,20,15,Mon,
2999,2017,5,20,16,Tue,
3012,2017,5,20,17,Wed,
3057,2017,5,20,18,Thu,
3067,2017,5,20,19,Fri,
2473,2017,5,20,20,Sat,
2945,2017,5,20,21,Sun,
3063,2017,5,21,22,Mon,
3004,2017,5,21,23,Tue,
3022,2017,5,21,24,Wed,
3105,2017,5,21,25,Thu,
3104,2017,5,21,26,Fri,
2417,2017,5,21,27,Sat,
2535,2017,5,21,28,Sun,
2921,2017,5,22,29,Mon,Memorial Day
3010,2017,5,22,30,Tue,
3019,2017,5,22,31,Wed,
3062,2017,6,22,1,Thu,
3092,2017,6,22,2,Fri,
2538,2017,6,22,3,Sat,
2973,2017,6,22,4,Sun,
3097,2017,6,23,5,Mon,
3055,2017,6,23,6,Tue,
3063,2017,6,23,7,Wed,
3140,2017,6,23,8,Thu,
3156,2017,6,23,9,Fri,
2614,2017,6,23,10,Sat,
3033,2017,6,23,11,Sun,
3160,2017,6,24,12,Mon,
3128,2017,6,24,13,Tue,
3136,2017,6,24,14,Wed,
3155,2017,6,24,15,Thu,
3165,2017,6,24,16,Fri,
2640,2017,6,24,17,Sat,
3022,2017,6,24,18,Sun,
3163,2017,6,25,19,Mon,
3133,2017,6,25,20,Tue,
3140,2017,6,25,21,Wed,
3162,2017,6,25,22,Thu,
3165,2017,6,25,23,Fri,
2644,2017,6,25,24,Sat,
3045,2017,6,25,25,Sun,
3176,2017,6,26,26,Mon,
3131,2017,6,26,27,Tue,
3137,2017,6,26,28,Wed,
3170,2017,6,26,29,Thu,
3192,2017,6,26,30,Fri,
2665,2017,7,26,1,Sat,
2712,2017,7,26,2,Sun,
2702,2017,7,27,3,Mon,
2696,2017,7,27,4,Tue,Independence Day
3074,2017,7,27,5,Wed,
3081,2017,7,27,6,Thu,
3089,2017,7,27,7,Fri,
2661,2017,7,27,8,Sat,
3068,2017,7,27,9,Sun,
3209,2017,7,28,10,Mon,
3168,2017,7,28,11,Tue,
3173,2017,7,28,12,Wed,
3184,2017,7,28,13,Thu,
3193,2017,7,28,14,Fri,
2664,2017,7,28,15,Sat,
3071,2017,7,28,16,Sun,
3212,2017,7,29,17,Mon,
3172,2017,7,29,18,Tue,
3169,2017,7,29,19,Wed,
3193,2017,7,29,20,Thu,
3193,2017,7,29,21,Fri,
2667,2017,7,29,22,Sat,
3075,2017,7,29,23,Sun,
3214,2017,7,30,24,Mon,
3171,2017,7,30,25,Tue,
3179,2017,7,30,26,Wed,
3195,2017,7,30,27,Thu,
3193,2017,7,30,28,Fri,
2663,2017,7,30,29,Sat,
3070,2017,7,30,30,Sun,
3211,2017,7,31,31,Mon,
3165,2017,8,31,1,Tue,
3173,2017,8,31,2,Wed,
3191,2017,8,31,3,Thu,
3194,2017,8,31,4,Fri,
2663,2017,8,31,5,Sat,
3064,2017,8,31,6,Sun,
3198,2017,8,32,7,Mon,
3156,2017,8,32,8,Tue,
3160,2017,8,32,9,Wed,
3174,2017,8,32,10,Thu,
3178,2017,8,32,11,Fri,
2660,2017,8,32,12,Sat,
3037,2017,8,32,13,Sun,
3161,2017,8,33,14,Mon,
3091,2017,8,33,15,Tue,
3113,2017,8,33,16,Wed,
3142,2017,8,33,17,Thu,
3141,2017,8,33,18,Fri,
2592,2017,8,33,19,Sat,
2997,2017,8,33,20,Sun,
3138,2017,8,34,21,Mon,
3075,2017,8,34,22,Tue,
3101,2017,8,34,23,Wed,
3146,2017,8,34,24,Thu,
3144,2017,8,34,25,Fri,
2489,2017,8,34,26,Sat,
2943,2017,8,34,27,Sun,
3100,2017,8,35,28,Mon,
3048,2017,8,35,29,Tue,
3066,2017,8,35,30,Wed,
3108,2017,8,35,31,Thu,
3118,2017,9,35,1,Fri,
2321,2017,9,35,2,Sat,
2419,2017,9,35,3,Sun,
2982,2017,9,36,4,Mon,Labor Day
2952,2017,9,36,5,Tue,
2772,2017,9,36,6,Wed,
2921,2017,9,36,7,Thu,
2926,2017,9,36,8,Fri,
2355,2017,9,36,9,Sat,
2917,2017,9,36,10,Sun,
3086,2017,9,37,11,Mon,
2927,2017,9,37,12,Tue,
2964,2017,9,37,13,Wed,
3086,2017,9,37,14,Thu,
3076,2017,9,37,15,Fri,
2391,2017,9,37,16,Sat,
2902,2017,9,37,17,Sun,
3084,2017,9,38,18,Mon,
2926,2017,9,38,19,Tue,
2961,2017,9,38,20,Wed,
3076,2017,9,38,21,Thu,
3070,2017,9,38,22,Fri,
2396,2017,9,38,23,Sat,
2898,2017,9,38,24,Sun,
3079,2017,9,39,25,Mon,
2922,2017,9,39,26,Tue,
2959,2017,9,39,27,Wed,
3088,2017,9,39,28,Thu,
3072,2017,9,39,29,Fri,
2371,2017,9,39,30,Sat,
2908,2017,10,39,1,Sun,
3085,2017,10,40,2,Mon,
2939,2017,10,40,3,Tue,
2971,2017,10,40,4,Wed,
3103,2017,10,40,5,Thu,
3071,2017,10,40,6,Fri,
2361,2017,10,40,7,Sat,
2883,2017,10,40,8,Sun,
3080,2017,10,41,9,Mon,Columbus Day
2952,2017,10,41,10,Tue,
2983,2017,10,41,11,Wed,
3090,2017,10,41,12,Thu,
3076,2017,10,41,13,Fri,
2366,2017,10,41,14,Sat,
2920,2017,10,41,15,Sun,
3079,2017,10,42,16,Mon,
2955,2017,10,42,17,Tue,
2984,2017,10,42,18,Wed,
3090,2017,10,42,19,Thu,
3076,2017,10,42,20,Fri,
2366,2017,10,42,21,Sat,
2915,2017,10,42,22,Sun,
3076,2017,10,43,23,Mon,
2896,2017,10,43,24,Tue,
2926,2017,10,43,25,Wed,
3088,2017,10,43,26,Thu,
3074,2017,10,43,27,Fri,
2352,2017,10,43,28,Sat,
2828,2017,10,43,29,Sun,
2945,2017,10,44,30,Mon,
2647,2017,10,44,31,Tue,
2882,2017,11,44,1,Wed,
2989,2017,11,44,2,Thu,
2980,2017,11,44,3,Fri,
2352,2017,11,44,4,Sat,
2854,2017,11,44,5,Sun,
2974,2017,11,45,6,Mon,
2806,2017,11,45,7,Tue,
2916,2017,11,45,8,Wed,
3059,2017,11,45,9,Thu,
3059,2017,11,45,10,Fri,Veterans Day (observed)
2316,2017,11,45,11,Sat,Veterans Day
2899,2017,11,45,12,Sun,
3023,2017,11,46,13,Mon,
2857,2017,11,46,14,Tue,
2918,2017,11,46,15,Wed,
3058,2017,11,46,16,Thu,
3060,2017,11,46,17,Fri,
2401,2017,11,46,18,Sat,
2758,2017,11,46,19,Sun,
2723,2017,11,47,20,Mon,
2851,2017,11,47,21,Tue,
2982,2017,11,47,22,Wed,
1829,2017,11,47,23,Thu,Thanksgiving
2182,2017,11,47,24,Fri,
2824,2017,11,47,25,Sat,
3212,2017,11,47,26,Sun,
3092,2017,11,48,27,Mon,
2789,2017,11,48,28,Tue,
2819,2017,11,48,29,Wed,
2971,2017,11,48,30,Thu,
2983,2017,12,48,1,Fri,
2226,2017,12,48,2,Sat,
2797,2017,12,48,3,Sun,
2945,2017,12,49,4,Mon,
2770,2017,12,49,5,Tue,
2836,2017,12,49,6,Wed,
2968,2017,12,49,7,Thu,
2980,2017,12,49,8,Fri,
2228,2017,12,49,9,Sat,
2796,2017,12,49,10,Sun,
2940,2017,12,50,11,Mon,
2769,2017,12,50,12,Tue,
2833,2017,12,50,13,Wed,
2980,2017,12,50,14,Thu,
3020,2017,12,50,15,Fri,
2313,2017,12,50,16,Sat,
2831,2017,12,50,17,Sun,
3013,2017,12,51,18,Mon,
2947,2017,12,51,19,Tue,
2948,2017,12,51,20,Wed,
2917,2017,12,51,21,Thu,
2914,2017,12,51,22,Fri,
2638,2017,12,51,23,Sat,
2334,2017,12,51,24,Sun,
2348,2017,12,52,25,Mon,Christmas Day
2907,2017,12,52,26,Tue,
2897,2017,12,52,27,Wed,
2901,2017,12,52,28,Thu,
2902,2017,12,52,29,Fri,
2633,2017,12,52,30,Sat,
2353,2017,12,52,31,Sun,
2626,2018,1,1,1,Mon,New Year's Day
2888,2018,1,1,2,Tue,
2863,2018,1,1,3,Wed,
2854,2018,1,1,4,Thu,
2855,2018,1,1,5,Fri,
2381,2018,1,1,6,Sat,
2846,2018,1,1,7,Sun,
2844,2018,1,2,8,Mon,
2690,2018,1,2,9,Tue,
2747,2018,1,2,10,Wed,
2841,2018,1,2,11,Thu,
2857,2018,1,2,12,Fri,
2146,2018,1,2,13,Sat,
2507,2018,1,2,14,Sun,
2790,2018,1,3,15,Mon,Martin Luther King Jr. Day
2702,2018,1,3,16,Tue,
2763,2018,1,3,17,Wed,
2852,2018,1,3,18,Thu,
2861,2018,1,3,19,Fri,
2170,2018,1,3,20,Sat,
2677,2018,1,3,21,Sun,
2852,2018,1,4,22,Mon,
2705,2018,1,4,23,Tue,
2762,2018,1,4,24,Wed,
2853,2018,1,4,25,Thu,
2860,2018,1,4,26,Fri,
2169,2018,1,4,27,Sat,
2677,2018,1,4,28,Sun,
2853,2018,1,5,29,Mon,
2704,2018,1,5,30,Tue,
2763,2018,1,5,31,Wed,
2856,2018,2,5,1,Thu,
2884,2018,2,5,2,Fri,
2151,2018,2,5,3,Sat,
2466,2018,2,5,4,Sun,
2871,2018,2,6,5,Mon,
2705,2018,2,6,6,Tue,
2765,2018,2,6,7,Wed,
2853,2018,2,6,8,Thu,
2866,2018,2,6,9,Fri,
2176,2018,2,6,10,Sat,
2678,2018,2,6,11,Sun,
2860,2018,2,7,12,Mon,
2704,2018,2,7,13,Tue,
2630,2018,2,7,14,Wed,
2971,2018,2,7,15,Thu,
2999,2018,2,7,16,Fri,
2329,2018,2,7,17,Sat,
2634,2018,2,7,18,Sun,
2974,2018,2,8,19,Mon,Washington's Birthday
2933,2018,2,8,20,Tue,
2952,2018,2,8,21,Wed,
2986,2018,2,8,22,Thu,
2991,2018,2,8,23,Fri,
2398,2018,2,8,24,Sat,
2838,2018,2,8,25,Sun,
2981,2018,2,9,26,Mon,
2933,2018,2,9,27,Tue,
2953,2018,2,9,28,Wed,
2984,2018,3,9,1,Thu,
3007,2018,3,9,2,Fri,
2399,2018,3,9,3,Sat,
2826,2018,3,9,4,Sun,
2988,2018,3,10,5,Mon,
2932,2018,3,10,6,Tue,
2959,2018,3,10,7,Wed,
3001,2018,3,10,8,Thu,
3029,2018,3,10,9,Fri,
2502,2018,3,10,10,Sat,
2915,2018,3,10,11,Sun,
3020,2018,3,11,12,Mon,
2963,2018,3,11,13,Tue,
2994,2018,3,11,14,Wed,
3037,2018,3,11,15,Thu,
3030,2018,3,11,16,Fri,
2508,2018,3,11,17,Sat,
2919,2018,3,11,18,Sun,
3021,2018,3,12,19,Mon,
2963,2018,3,12,20,Tue,
2993,2018,3,12,21,Wed,
3039,2018,3,12,22,Thu,
3033,2018,3,12,23,Fri,
2511,2018,3,12,24,Sat,
2915,2018,3,12,25,Sun,
3022,2018,3,13,26,Mon,
2962,2018,3,13,27,Tue,
2989,2018,3,13,28,Wed,
3030,2018,3,13,29,Thu,
3031,2018,3,13,30,Fri,
2467,2018,3,13,31,Sat,
2876,2018,4,13,1,Sun,
3011,2018,4,14,2,Mon,
2930,2018,4,14,3,Tue,
2971,2018,4,14,4,Wed,
3022,2018,4,14,5,Thu,
3012,2018,4,14,6,Fri,
2476,2018,4,14,7,Sat,
2929,2018,4,14,8,Sun,
3066,2018,4,15,9,Mon,
2957,2018,4,15,10,Tue,
3004,2018,4,15,11,Wed,
3103,2018,4,15,12,Thu,
3099,2018,4,15,13,Fri,
2513,2018,4,15,14,Sat,
2973,2018,4,15,15,Sun,
3100,2018,4,16,16,Mon,
2953,2018,4,16,17,Tue,
3007,2018,4,16,18,Wed,
3105,2018,4,16,19,Thu,
3098,2018,4,16,20,Fri,
2524,2018,4,16,21,Sat,
2987,2018,4,16,22,Sun,
3098,2018,4,17,23,Mon,
2961,2018,4,17,24,Tue,
3015,2018,4,17,25,Wed,
3101,2018,4,17,26,Thu,
3100,2018,4,17,27,Fri,
2563,2018,4,17,28,Sat,
3013,2018,4,17,29,Sun,
3096,2018,4,18,30,Mon,
2976,2018,5,18,1,Tue,
3026,2018,5,18,2,Wed,
3105,2018,5,18,3,Thu,
3132,2018,5,18,4,Fri,
2586,2018,5,18,5,Sat,
3061,2018,5,18,6,Sun,
3141,2018,5,19,7,Mon,
3043,2018,5,19,8,Tue,
3067,2018,5,19,9,Wed,
3147,2018,5,19,10,Thu,
3144,2018,5,19,11,Fri,
2541,2018,5,19,12,Sat,
3007,2018,5,19,13,Sun,
3146,2018,5,20,14,Mon,
3052,2018,5,20,15,Tue,
3076,2018,5,20,16,Wed,
3152,2018,5,20,17,Thu,
3147,2018,5,20,18,Fri,
2591,2018,5,20,19,Sat,
3067,2018,5,20,20,Sun,
3145,2018,5,21,21,Mon,
3054,2018,5,21,22,Tue,
3076,2018,5,21,23,Wed,
3160,2018,5,21,24,Thu,
3151,2018,5,21,25,Fri,
2530,2018,5,21,26,Sat,
2570,2018,5,21,27,Sun,
2957,2018,5,22,28,Mon,Memorial Day
3085,2018,5,22,29,Tue,
3101,2018,5,22,30,Wed,
3140,2018,5,22,31,Thu,
3144,2018,6,22,1,Fri,
2605,2018,6,22,2,Sat,
3070,2018,6,22,3,Sun,
3154,2018,6,23,4,Mon,
3084,2018,6,23,5,Tue,
3117,2018,6,23,6,Wed,
3261,2018,6,23,7,Thu,
3280,2018,6,23,8,Fri,
2784,2018,6,23,9,Sat,
3171,2018,6,23,10,Sun,
3293,2018,6,24,11,Mon,
3256,2018,6,24,12,Tue,
3262,2018,6,24,13,Wed,
3294,2018,6,24,14,Thu,
3292,2018,6,24,15,Fri,
2790,2018,6,24,16,Sat,
3180,2018,6,24,17,Sun,
3302,2018,6,25,18,Mon,
3263,2018,6,25,19,Tue,
3270,2018,6,25,20,Wed,
3304,2018,6,25,21,Thu,
3294,2018,6,25,22,Fri,
2790,2018,6,25,23,Sat,
3181,2018,6,25,24,Sun,
3303,2018,6,26,25,Mon,
3261,2018,6,26,26,Tue,
3270,2018,6,26,27,Wed,
3304,2018,6,26,28,Thu,
3301,2018,6,26,29,Fri,
2866,2018,6,26,30,Sat,
3039,2018,7,26,1,Sun,
2966,2018,7,27,2,Mon,
2753,2018,7,27,3,Tue,
2583,2018,7,27,4,Wed,Independence Day
2955,2018,7,27,5,Thu,
3092,2018,7,27,6,Fri,
2857,2018,7,27,7,Sat,
3208,2018,7,27,8,Sun,
3324,2018,7,28,9,Mon,
3296,2018,7,28,10,Tue,
3296,2018,7,28,11,Wed,
3331,2018,7,28,12,Thu,
3323,2018,7,28,13,Fri,
2808,2018,7,28,14,Sat,
3209,2018,7,28,15,Sun,
3329,2018,7,29,16,Mon,
3298,2018,7,29,17,Tue,
3302,2018,7,29,18,Wed,
3325,2018,7,29,19,Thu,
3319,2018,7,29,20,Fri,
2805,2018,7,29,21,Sat,
3205,2018,7,29,22,Sun,
3325,2018,7,30,23,Mon,
3295,2018,7,30,24,Tue,
3291,2018,7,30,25,Wed,
3325,2018,7,30,26,Thu,
3319,2018,7,30,27,Fri,
2806,2018,7,30,28,Sat,
3203,2018,7,30,29,Sun,
3324,2018,7,31,30,Mon,
3293,2018,7,31,31,Tue,
3290,2018,8,31,1,Wed,
3319,2018,8,31,2,Thu,
3314,2018,8,31,3,Fri,
2804,2018,8,31,4,Sat,
3193,2018,8,31,5,Sun,
3311,2018,8,32,6,Mon,
3265,2018,8,32,7,Tue,
3265,2018,8,32,8,Wed,
3311,2018,8,32,9,Thu,
3312,2018,8,32,10,Fri,
2758,2018,8,32,11,Sat,
3168,2018,8,32,12,Sun,
3279,2018,8,33,13,Mon,
3225,2018,8,33,14,Tue,
3238,2018,8,33,15,Wed,
3277,2018,8,33,16,Thu,
3277,2018,8,33,17,Fri,
2729,2018,8,33,18,Sat,
3134,2018,8,33,19,Sun,
3266,2018,8,34,20,Mon,
3141,2018,8,34,21,Tue,
3146,2018,8,34,22,Wed,
3186,2018,8,34,23,Thu,
3188,2018,8,34,24,Fri,
2571,2018,8,34,25,Sat,
3014,2018,8,34,26,Sun,
3170,2018,8,35,27,Mon,
3105,2018,8,35,28,Tue,
3128,2018,8,35,29,Wed,
3172,2018,8,35,30,Thu,
3166,2018,8,35,31,Fri,
2373,2018,9,35,1,Sat,
2533,2018,9,35,2,Sun,
3058,2018,9,36,3,Mon,Labor Day
3023,2018,9,36,4,Tue,
3034,2018,9,36,5,Wed,
3047,2018,9,36,6,Thu,
3048,2018,9,36,7,Fri,
2484,2018,9,36,8,Sat,
3020,2018,9,36,9,Sun,
3153,2018,9,37,10,Mon,
3053,2018,9,37,11,Tue,
3089,2018,9,37,12,Wed,
3185,2018,9,37,13,Thu,
3179,2018,9,37,14,Fri,
2540,2018,9,37,15,Sat,
3019,2018,9,37,16,Sun,
3178,2018,9,38,17,Mon,
3069,2018,9,38,18,Tue,
3103,2018,9,38,19,Wed,
3184,2018,9,38,20,Thu,
3178,2018,9,38,21,Fri,
2540,2018,9,38,22,Sat,
3015,2018,9,38,23,Sun,
3172,2018,9,39,24,Mon,
3067,2018,9,39,25,Tue,
3098,2018,9,39,26,Wed,
3178,2018,9,39,27,Thu,
3175,2018,9,39,28,Fri,
2536,2018,9,39,29,Sat,
3017,2018,9,39,30,Sun,
3177,2018,10,40,1,Mon,
3063,2018,10,40,2,Tue,
3079,2018,10,40,3,Wed,
3200,2018,10,40,4,Thu,
3202,2018,10,40,5,Fri,
2514,2018,10,40,6,Sat,
3003,2018,10,40,7,Sun,
3196,2018,10,41,8,Mon,Columbus Day
3059,2018,10,41,9,Tue,
3078,2018,10,41,10,Wed,
3216,2018,10,41,11,Thu,
3208,2018,10,41,12,Fri,
2531,2018,10,41,13,Sat,
3040,2018,10,41,14,Sun,
3213,2018,10,42,15,Mon,
3085,2018,10,42,16,Tue,
3104,2018,10,42,17,Wed,
3217,2018,10,42,18,Thu,
3203,2018,10,42,19,Fri,
2521,2018,10,42,20,Sat,
3034,2018,10,42,21,Sun,
3211,2018,10,43,22,Mon,
3085,2018,10,43,23,Tue,
3105,2018,10,43,24,Wed,
3213,2018,10,43,25,Thu,
3205,2018,10,43,26,Fri,
2472,2018,10,43,27,Sat,
2866,2018,10,43,28,Sun,
3003,2018,10,44,29,Mon,
2801,2018,10,44,30,Tue,
2466,2018,10,44,31,Wed,
3021,2018,11,44,1,Thu,
3052,2018,11,44,2,Fri,
2445,2018,11,44,3,Sat,
2947,2018,11,44,4,Sun,
3093,2018,11,45,5,Mon,
2925,2018,11,45,6,Tue,
2996,2018,11,45,7,Wed,
3151,2018,11,45,8,Thu,
3141,2018,11,45,9,Fri,
2441,2018,11,45,10,Sat,
2981,2018,11,45,11,Sun,Veterans Day
3172,2018,11,46,12,Mon,Veterans Day (observed)
3070,2018,11,46,13,Tue,
3081,2018,11,46,14,Wed,
3190,2018,11,46,15,Thu,
3171,2018,11,46,16,Fri,
2520,2018,11,46,17,Sat,
2863,2018,11,46,18,Sun,
2968,2018,11,47,19,Mon,
3028,2018,11,47,20,Tue,
3183,2018,11,47,21,Wed,
1910,2018,11,47,22,Thu,Thanksgiving
2295,2018,11,47,23,Fri,
3063,2018,11,47,24,Sat,
3359,2018,11,47,25,Sun,
3232,2018,11,48,26,Mon,
2995,2018,11,48,27,Tue,
2945,2018,11,48,28,Wed,
3048,2018,11,48,29,Thu,
3059,2018,11,48,30,Fri,
2355,2018,12,48,1,Sat,
2867,2018,12,48,2,Sun,
2982,2018,12,49,3,Mon,
2847,2018,12,49,4,Tue,
2935,2018,12,49,5,Wed,
3057,2018,12,49,6,Thu,
3061,2018,12,49,7,Fri,
2356,2018,12,49,8,Sat,
2865,2018,12,49,9,Sun,
2984,2018,12,50,10,Mon,
2856,2018,12,50,11,Tue,
2926,2018,12,50,12,Wed,
3060,2018,12,50,13,Thu,
3062,2018,12,50,14,Fri,
2361,2018,12,50,15,Sat,
2871,2018,12,50,16,Sun,
2991,2018,12,51,17,Mon,
2922,2018,12,51,18,Tue,
3082,2018,12,51,19,Wed,
3088,2018,12,51,20,Thu,
3067,2018,12,51,21,Fri,
2789,2018,12,51,22,Sat,
2936,2018,12,51,23,Sun,
2382,2018,12,52,24,Mon,
2406,2018,12,52,25,Tue,Christmas Day
3016,2018,12,52,26,Wed,
3027,2018,12,52,27,Thu,
3015,2018,12,52,28,Fri,
2774,2018,12,52,29,Sat,
2954,2018,12,52,30,Sun,
2486,2018,12,1,31,Mon,
2672,2019,1,1,1,Tue,New Year's Day
2998,2019,1,1,2,Wed,
2862,2019,1,1,3,Thu,
2856,2019,1,1,4,Fri,
2483,2019,1,1,5,Sat,
2876,2019,1,1,6,Sun,
2945,2019,1,2,7,Mon,
2796,2019,1,2,8,Tue,
2827,2019,1,2,9,Wed,
2935,2019,1,2,10,Thu,
2929,2019,1,2,11,Fri,
2220,2019,1,2,12,Sat,
2712,2019,1,2,13,Sun,
2924,2019,1,3,14,Mon,
2763,2019,1,3,15,Tue,
2797,2019,1,3,16,Wed,
2928,2019,1,3,17,Thu,
2925,2019,1,3,18,Fri,
2173,2019,1,3,19,Sat,
2457,2019,1,3,20,Sun,
2867,2019,1,4,21,Mon,Martin Luther King Jr. Day
2767,2019,1,4,22,Tue,
2798,2019,1,4,23,Wed,
2931,2019,1,4,24,Thu,
2930,2019,1,4,25,Fri,
2204,2019,1,4,26,Sat,
2713,2019,1,4,27,Sun,
2925,2019,1,5,28,Mon,
2766,2019,1,5,29,Tue,
2798,2019,1,5,30,Wed,
2928,2019,1,5,31,Thu,
2950,2019,2,5,1,Fri,
2195,2019,2,5,2,Sat,
2497,2019,2,5,3,Sun,
2952,2019,2,6,4,Mon,
2758,2019,2,6,5,Tue,
2794,2019,2,6,6,Wed,
2929,2019,2,6,7,Thu,
2927,2019,2,6,8,Fri,
2206,2019,2,6,9,Sat,
2706,2019,2,6,10,Sun,
2919,2019,2,7,11,Mon,
2758,2019,2,7,12,Tue,
2810,2019,2,7,13,Wed,
3033,2019,2,7,14,Thu,
3040,2019,2,7,15,Fri,
2350,2019,2,7,16,Sat,
2631,2019,2,7,17,Sun,
2996,2019,2,8,18,Mon,Washington's Birthday
2944,2019,2,8,19,Tue,
2973,2019,2,8,20,Wed,
3037,2019,2,8,21,Thu,
3030,2019,2,8,22,Fri,
2410,2019,2,8,23,Sat,
2851,2019,2,8,24,Sun,
3029,2019,2,9,25,Mon,
2937,2019,2,9,26,Tue,
2856,2019,2,9,27,Wed,
3036,2019,2,9,28,Thu,
3034,2019,3,9,1,Fri,
2527,2019,3,9,2,Sat,
2939,2019,3,9,3,Sun,
3094,2019,3,10,4,Mon,
2997,2019,3,10,5,Tue,
3024,2019,3,10,6,Wed,
3111,2019,3,10,7,Thu,
3158,2019,3,10,8,Fri,
2600,2019,3,10,9,Sat,
3018,2019,3,10,10,Sun,
3163,2019,3,11,11,Mon,
3088,2019,3,11,12,Tue,
3098,2019,3,11,13,Wed,
3185,2019,3,11,14,Thu,
3178,2019,3,11,15,Fri,
2610,2019,3,11,16,Sat,
3025,2019,3,11,17,Sun,
3149,2019,3,12,18,Mon,
3079,2019,3,12,19,Tue,
3084,2019,3,12,20,Wed,
3134,2019,3,12,21,Thu,
3132,2019,3,12,22,Fri,
2566,2019,3,12,23,Sat,
2986,2019,3,12,24,Sun,
3129,2019,3,13,25,Mon,
3059,2019,3,13,26,Tue,
3071,2019,3,13,27,Wed,
3145,2019,3,13,28,Thu,
3143,2019,3,13,29,Fri,
2579,2019,3,13,30,Sat,
3008,2019,3,13,31,Sun,
3130,2019,4,14,1,Mon,
3034,2019,4,14,2,Tue,
3065,2019,4,14,3,Wed,
3151,2019,4,14,4,Thu,
3152,2019,4,14,5,Fri,
2529,2019,4,14,6,Sat,
3024,2019,4,14,7,Sun,
3147,2019,4,15,8,Mon,
3040,2019,4,15,9,Tue,
3070,2019,4,15,10,Wed,
3146,2019,4,15,11,Thu,
3150,2019,4,15,12,Fri,
2531,2019,4,15,13,Sat,
3014,2019,4,15,14,Sun,
3151,2019,4,16,15,Mon,
3040,2019,4,16,16,Tue,
3062,2019,4,16,17,Wed,
3155,2019,4,16,18,Thu,
3149,2019,4,16,19,Fri,
2456,2019,4,16,20,Sat,
2930,2019,4,16,21,Sun,
3152,2019,4,17,22,Mon,
3044,2019,4,17,23,Tue,
3068,2019,4,17,24,Wed,
3149,2019,4,17,25,Thu,
3152,2019,4,17,26,Fri,
2512,2019,4,17,27,Sat,
3014,2019,4,17,28,Sun,
3147,2019,4,18,29,Mon,
3061,2019,4,18,30,Tue,
3094,2019,5,18,1,Wed,
3185,2019,5,18,2,Thu,
3226,2019,5,18,3,Fri,
2602,2019,5,18,4,Sat,
3100,2019,5,18,5,Sun,
3245,2019,5,19,6,Mon,
3159,2019,5,19,7,Tue,
3184,2019,5,19,8,Wed,
3254,2019,5,19,9,Thu,
3245,2019,5,19,10,Fri,
2564,2019,5,19,11,Sat,
3064,2019,5,19,12,Sun,
3251,2019,5,20,13,Mon,
3166,2019,5,20,14,Tue,
3179,2019,5,20,15,Wed,
3254,2019,5,20,16,Thu,
3247,2019,5,20,17,Fri,
2608,2019,5,20,18,Sat,
3115,2019,5,20,19,Sun,
3253,2019,5,21,20,Mon,
3170,2019,5,21,21,Tue,
3195,2019,5,21,22,Wed,
3264,2019,5,21,23,Thu,
3256,2019,5,21,24,Fri,
2481,2019,5,21,25,Sat,
2567,2019,5,21,26,Sun,
3086,2019,5,22,27,Mon,Memorial Day
3182,2019,5,22,28,Tue,
3192,2019,5,22,29,Wed,
3264,2019,5,22,30,Thu,
3259,2019,5,22,31,Fri,
2621,2019,6,22,1,Sat,
3126,2019,6,22,2,Sun,
3258,2019,6,23,3,Mon,
3180,2019,6,23,4,Tue,
3193,2019,6,23,5,Wed,
3294,2019,6,23,6,Thu,
3281,2019,6,23,7,Fri,
2741,2019,6,23,8,Sat,
3180,2019,6,23,9,Sun,
3307,2019,6,24,10,Mon,
3256,2019,6,24,11,Tue,
3275,2019,6,24,12,Wed,
3306,2019,6,24,13,Thu,
3305,2019,6,24,14,Fri,
2755,2019,6,24,15,Sat,
3178,2019,6,24,16,Sun,
3311,2019,6,25,17,Mon,
3260,2019,6,25,18,Tue,
3272,2019,6,25,19,Wed,
3322,2019,6,25,20,Thu,
3316,2019,6,25,21,Fri,
2765,2019,6,25,22,Sat,
3189,2019,6,25,23,Sun,
3320,2019,6,26,24,Mon,
3267,2019,6,26,25,Tue,
3280,2019,6,26,26,Wed,
3321,2019,6,26,27,Thu,
3321,2019,6,26,28,Fri,
2780,2019,6,26,29,Sat,
3038,2019,6,26,30,Sun,
3043,2019,7,27,1,Mon,
2987,2019,7,27,2,Tue,
2903,2019,7,27,3,Wed,
2521,2019,7,27,4,Thu,Independence Day
2640,2019,7,27,5,Fri,
2756,2019,7,27,6,Sat,
3220,2019,7,27,7,Sun,
3343,2019,7,28,8,Mon,
3316,2019,7,28,9,Tue,
3321,2019,7,28,10,Wed,
3344,2019,7,28,11,Thu,
3343,2019,7,28,12,Fri,
2794,2019,7,28,13,Sat,
3221,2019,7,28,14,Sun,
3352,2019,7,29,15,Mon,
3318,2019,7,29,16,Tue,
3327,2019,7,29,17,Wed,
3348,2019,7,29,18,Thu,
3350,2019,7,29,19,Fri,
2798,2019,7,29,20,Sat,
3223,2019,7,29,21,Sun,
3350,2019,7,30,22,Mon,
3322,2019,7,30,23,Tue,
3327,2019,7,30,24,Wed,
3355,2019,7,30,25,Thu,
3349,2019,7,30,26,Fri,
2793,2019,7,30,27,Sat,
3217,2019,7,30,28,Sun,
3349,2019,7,31,29,Mon,
3320,2019,7,31,30,Tue,
3327,2019,7,31,31,Wed,
3341,2019,8,31,1,Thu,
3335,2019,8,31,2,Fri,
2791,2019,8,31,3,Sat,
3214,2019,8,31,4,Sun,
3337,2019,8,32,5,Mon,
3311,2019,8,32,6,Tue,
3314,2019,8,32,7,Wed,
3345,2019,8,32,8,Thu,
3344,2019,8,32,9,Fri,
2773,2019,8,32,10,Sat,
3200,2019,8,32,11,Sun,
3311,2019,8,33,12,Mon,
3275,2019,8,33,13,Tue,
3274,2019,8,33,14,Wed,
3316,2019,8,33,15,Thu,
3316,2019,8,33,16,Fri,
2743,2019,8,33,17,Sat,
3173,2019,8,33,18,Sun,
3287,2019,8,34,19,Mon,
3184,2019,8,34,20,Tue,
3209,2019,8,34,21,Wed,
3291,2019,8,34,22,Thu,
3290,2019,8,34,23,Fri,
2679,2019,8,34,24,Sat,
3120,2019,8,34,25,Sun,
3286,2019,8,35,26,Mon,
3198,2019,8,35,27,Tue,
3213,2019,8,35,28,Wed,
3286,2019,8,35,29,Thu,
3283,2019,8,35,30,Fri,
2406,2019,8,35,31,Sat,
2499,2019,9,35,1,Sun,
3077,2019,9,36,2,Mon,Labor Day
3075,2019,9,36,3,Tue,
3009,2019,9,36,4,Wed,
3081,2019,9,36,5,Thu,
3085,2019,9,36,6,Fri,
2477,2019,9,36,7,Sat,
3080,2019,9,36,8,Sun,
3217,2019,9,37,9,Mon,
3088,2019,9,37,10,Tue,
3110,2019,9,37,11,Wed,
3234,2019,9,37,12,Thu,
3225,2019,9,37,13,Fri,
2529,2019,9,37,14,Sat,
3090,2019,9,37,15,Sun,
3234,2019,9,38,16,Mon,
3093,2019,9,38,17,Tue,
3116,2019,9,38,18,Wed,
3236,2019,9,38,19,Thu,
3223,2019,9,38,20,Fri,
2534,2019,9,38,21,Sat,
3101,2019,9,38,22,Sun,
3230,2019,9,39,23,Mon,
3091,2019,9,39,24,Tue,
3113,2019,9,39,25,Wed,
3243,2019,9,39,26,Thu,
3221,2019,9,39,27,Fri,
2528,2019,9,39,28,Sat,
3094,2019,9,39,29,Sun,
3229,2019,9,40,30,Mon,
3105,2019,10,40,1,Tue,
3130,2019,10,40,2,Wed,
3247,2019,10,40,3,Thu,
3247,2019,10,40,4,Fri,
2574,2019,10,40,5,Sat,
3125,2019,10,40,6,Sun,
3250,2019,10,41,7,Mon,
3144,2019,10,41,8,Tue,
3154,2019,10,41,9,Wed,
3272,2019,10,41,10,Thu,
3235,2019,10,41,11,Fri,
2569,2019,10,41,12,Sat,
3120,2019,10,41,13,Sun,
3252,2019,10,42,14,Mon,Columbus Day
3145,2019,10,42,15,Tue,
3153,2019,10,42,16,Wed,
3269,2019,10,42,17,Thu,
3242,2019,10,42,18,Fri,
2568,2019,10,42,19,Sat,
3128,2019,10,42,20,Sun,
3252,2019,10,43,21,Mon,
3146,2019,10,43,22,Tue,
3150,2019,10,43,23,Wed,
3271,2019,10,43,24,Thu,
3240,2019,10,43,25,Fri,
2540,2019,10,43,26,Sat,
3008,2019,10,43,27,Sun,
3056,2019,10,44,28,Mon,
2964,2019,10,44,29,Tue,
2922,2019,10,44,30,Wed,
2674,2019,10,44,31,Thu,
2953,2019,11,44,1,Fri,
2462,2019,11,44,2,Sat,
3050,2019,11,44,3,Sun,
3149,2019,11,45,4,Mon,
2964,2019,11,45,5,Tue,
3020,2019,11,45,6,Wed,
3205,2019,11,45,7,Thu,
3188,2019,11,45,8,Fri,
2479,2019,11,45,9,Sat,
3092,2019,11,45,10,Sun,
3184,2019,11,46,11,Mon,Veterans Day
3068,2019,11,46,12,Tue,
3080,2019,11,46,13,Wed,
3186,2019,11,46,14,Thu,
3189,2019,11,46,15,Fri,
2485,2019,11,46,16,Sat,
3088,2019,11,46,17,Sun,
3193,2019,11,47,18,Mon,
3104,2019,11,47,19,Tue,
3126,2019,11,47,20,Wed,
3167,2019,11,47,21,Thu,
3184,2019,11,47,22,Fri,
2691,2019,11,47,23,Sat,
2976,2019,11,47,24,Sun,
2983,2019,11,48,25,Mon,
3084,2019,11,48,26,Tue,
3206,2019,11,48,27,Wed,
1868,2019,11,48,28,Thu,Thanksgiving
2270,2019,11,48,29,Fri,
3125,2019,11,48,30,Sat,
3429,2019,12,48,1,Sun,
3258,2019,12,49,2,Mon,
3046,2019,12,49,3,Tue,
2949,2019,12,49,4,Wed,
3107,2019,12,49,5,Thu,
3115,2019,12,49,6,Fri,
2358,2019,12,49,7,Sat,
2973,2019,12,49,8,Sun,
3045,2019,12,50,9,Mon,
2884,2019,12,50,10,Tue,
2949,2019,12,50,11,Wed,
3120,2019,12,50,12,Thu,
3119,2019,12,50,13,Fri,
2364,2019,12,50,14,Sat,
2976,2019,12,50,15,Sun,
3052,2019,12,51,16,Mon,
2870,2019,12,51,17,Tue,
2994,2019,12,51,18,Wed,
3072,2019,12,51,19,Thu,
3070,2019,12,51,20,Fri,
2802,2019,12,51,21,Sat,
2959,2019,12,51,22,Sun,
2978,2019,12,52,23,Mon,
2438,2019,12,52,24,Tue,
2402,2019,12,52,25,Wed,Christmas Day
2976,2019,12,52,26,Thu,
2987,2019,12,52,27,Fri,
2776,2019,12,52,28,Sat,
2951,2019,12,52,29,Sun,
2976,2019,12,1,30,Mon,
2506,2019,12,1,31,Tue,
0,2020,1,1,1,Wed,New Year's Day
0,2020,1,1,2,Thu,
0,2020,1,1,3,Fri,
0,2020,1,1,4,Sat,
0,2020,1,1,5,Sun,
0,2020,1,2,6,Mon,
0,2020,1,2,7,Tue,
0,2020,1,2,8,Wed,
0,2020,1,2,9,Thu,
0,2020,1,2,10,Fri,
0,2020,1,2,11,Sat,
0,2020,1,2,12,Sun,
0,2020,1,3,13,Mon,
0,2020,1,3,14,Tue,
0,2020,1,3,15,Wed,
0,2020,1,3,16,Thu,
0,2020,1,3,17,Fri,
0,2020,1,3,18,Sat,
0,2020,1,3,19,Sun,
0,2020,1,4,20,Mon,Martin Luther King Jr. Day
0,2020,1,4,21,Tue,
0,2020,1,4,22,Wed,
0,2020,1,4,23,Thu,
0,2020,1,4,24,Fri,
0,2020,1,4,25,Sat,
0,2020,1,4,26,Sun,
0,2020,1,5,27,Mon,
0,2020,1,5,28,Tue,
0,2020,1,5,29,Wed,
0,2020,1,5,30,Thu,
0,2020,1,5,31,Fri,
0,2020,2,5,1,Sat,
0,2020,2,5,2,Sun,
0,2020,2,6,3,Mon,
0,2020,2,6,4,Tue,
0,2020,2,6,5,Wed,
0,2020,2,6,6,Thu,
0,2020,2,6,7,Fri,
0,2020,2,6,8,Sat,
0,2020,2,6,9,Sun,
0,2020,2,7,10,Mon,
0,2020,2,7,11,Tue,
0,2020,2,7,12,Wed,
0,2020,2,7,13,Thu,
0,2020,2,7,14,Fri,
0,2020,2,7,15,Sat,
0,2020,2,7,16,Sun,
0,2020,2,8,17,Mon,Washington's Birthday
0,2020,2,8,18,Tue,
0,2020,2,8,19,Wed,
0,2020,2,8,20,Thu,
0,2020,2,8,21,Fri,
0,2020,2,8,22,Sat,
0,2020,2,8,23,Sun,
0,2020,2,9,24,Mon,
0,2020,2,9,25,Tue,
0,2020,2,9,26,Wed,
0,2020,2,9,27,Thu,
0,2020,2,9,28,Fri,
0,2020,2,9,29,Sat,
0,2020,3,9,1,Sun,
0,2020,3,10,2,Mon,
0,2020,3,10,3,Tue,
0,2020,3,10,4,Wed,
0,2020,3,10,5,Thu,
0,2020,3,10,6,Fri,
0,2020,3,10,7,Sat,
0,2020,3,10,8,Sun,
0,2020,3,11,9,Mon,
0,2020,3,11,10,Tue,
0,2020,3,11,11,Wed,
0,2020,3,11,12,Thu,
0,2020,3,11,13,Fri,
0,2020,3,11,14,Sat,
0,2020,3,11,15,Sun,
0,2020,3,12,16,Mon,
0,2020,3,12,17,Tue,
0,2020,3,12,18,Wed,
0,2020,3,12,19,Thu,
0,2020,3,12,20,Fri,
0,2020,3,12,21,Sat,
0,2020,3,12,22,Sun,
0,2020,3,13,23,Mon,
0,2020,3,13,24,Tue,
0,2020,3,13,25,Wed,
0,2020,3,13,26,Thu,
0,2020,3,13,27,Fri,
0,2020,3,13,28,Sat,
0,2020,3,13,29,Sun,
0,2020,3,14,30,Mon,
0,2020,3,14,31,Tue,
0,2020,4,14,1,Wed,
0,2020,4,14,2,Thu,
0,2020,4,14,3,Fri,
0,2020,4,14,4,Sat,
0,2020,4,14,5,Sun,
0,2020,4,15,6,Mon,
0,2020,4,15,7,Tue,
0,2020,4,15,8,Wed,
0,2020,4,15,9,Thu,
0,2020,4,15,10,Fri,
0,2020,4,15,11,Sat,
0,2020,4,15,12,Sun,
0,2020,4,16,13,Mon,
0,2020,4,16,14,Tue,
0,2020,4,16,15,Wed,
0,2020,4,16,16,Thu,
0,2020,4,16,17,Fri,
0,2020,4,16,18,Sat,
0,2020,4,16,19,Sun,
0,2020,4,17,20,Mon,
0,2020,4,17,21,Tue,
0,2020,4,17,22,Wed,
0,2020,4,17,23,Thu,
0,2020,4,17,24,Fri,
0,2020,4,17,25,Sat,
0,2020,4,17,26,Sun,
0,2020,4,18,27,Mon,
0,2020,4,18,28,Tue,
0,2020,4,18,29,Wed,
0,2020,4,18,30,Thu,
0,2020,5,18,1,Fri,
0,2020,5,18,2,Sat,
0,2020,5,18,3,Sun,
0,2020,5,19,4,Mon,
0,2020,5,19,5,Tue,
0,2020,5,19,6,Wed,
0,2020,5,19,7,Thu,
0,2020,5,19,8,Fri,
0,2020,5,19,9,Sat,
0,2020,5,19,10,Sun,
0,2020,5,20,11,Mon,
0,2020,5,20,12,Tue,
0,2020,5,20,13,Wed,
0,2020,5,20,14,Thu,
0,2020,5,20,15,Fri,
0,2020,5,20,16,Sat,
0,2020,5,20,17,Sun,
0,2020,5,21,18,Mon,
0,2020,5,21,19,Tue,
0,2020,5,21,20,Wed,
0,2020,5,21,21,Thu,
0,2020,5,21,22,Fri,
0,2020,5,21,23,Sat,
0,2020,5,21,24,Sun,
0,2020,5,22,25,Mon,Memorial Day
0,2020,5,22,26,Tue,
0,2020,5,22,27,Wed,
0,2020,5,22,28,Thu,
0,2020,5,22,29,Fri,
0,2020,5,22,30,Sat,
0,2020,5,22,31,Sun,
0,2020,6,23,1,Mon,
0,2020,6,23,2,Tue,
0,2020,6,23,3,Wed,
0,2020,6,23,4,Thu,
0,2020,6,23,5,Fri,
0,2020,6,23,6,Sat,
0,2020,6,23,7,Sun,
0,2020,6,24,8,Mon,
0,2020,6,24,9,Tue,
0,2020,6,24,10,Wed,
0,2020,6,24,11,Thu,
0,2020,6,24,12,Fri,
0,2020,6,24,13,Sat,
0,2020,6,24,14,Sun,
0,2020,6,25,15,Mon,
0,2020,6,25,16,Tue,
0,2020,6,25,17,Wed,
0,2020,6,25,18,Thu,
0,2020,6,25,19,Fri,
0,2020,6,25,20,Sat,
0,2020,6,25,21,Sun,
0,2020,6,26,22,Mon,
0,2020,6,26,23,Tue,
0,2020,6,26,24,Wed,
0,2020,6,26,25,Thu,
0,2020,6,26,26,Fri,
0,2020,6,26,27,Sat,
0,2020,6,26,28,Sun,
0,2020,6,27,29,Mon,
0,2020,6,27,30,Tue,
0,2020,7,27,1,Wed,
0,2020,7,27,2,Thu,
0,2020,7,27,3,Fri,Independence Day (observed)
0,2020,7,27,4,Sat,Independence Day
0,2020,7,27,5,Sun,
0,2020,7,28,6,Mon,
0,2020,7,28,7,Tue,
0,2020,7,28,8,Wed,
0,2020,7,28,9,Thu,
0,2020,7,28,10,Fri,
0,2020,7,28,11,Sat,
0,2020,7,28,12,Sun,
0,2020,7,29,13,Mon,
0,2020,7,29,14,Tue,
0,2020,7,29,15,Wed,
0,2020,7,29,16,Thu,
0,2020,7,29,17,Fri,
0,2020,7,29,18,Sat,
0,2020,7,29,19,Sun,
0,2020,7,30,20,Mon,
0,2020,7,30,21,Tue,
0,2020,7,30,22,Wed,
0,2020,7,30,23,Thu,
0,2020,7,30,24,Fri,
0,2020,7,30,25,Sat,
0,2020,7,30,26,Sun,
0,2020,7,31,27,Mon,
0,2020,7,31,28,Tue,
0,2020,7,31,29,Wed,
0,2020,7,31,30,Thu,
0,2020,7,31,31,Fri,
0,2020,8,31,1,Sat,
0,2020,8,31,2,Sun,
0,2020,8,32,3,Mon,
0,2020,8,32,4,Tue,
0,2020,8,32,5,Wed,
0,2020,8,32,6,Thu,
0,2020,8,32,7,Fri,
0,2020,8,32,8,Sat,
0,2020,8,32,9,Sun,
0,2020,8,33,10,Mon,
0,2020,8,33,11,Tue,
0,2020,8,33,12,Wed,
0,2020,8,33,13,Thu,
0,2020,8,33,14,Fri,
0,2020,8,33,15,Sat,
0,2020,8,33,16,Sun,
0,2020,8,34,17,Mon,
0,2020,8,34,18,Tue,
0,2020,8,34,19,Wed,
0,2020,8,34,20,Thu,
0,2020,8,34,21,Fri,
0,2020,8,34,22,Sat,
0,2020,8,34,23,Sun,
0,2020,8,35,24,Mon,
0,2020,8,35,25,Tue,
0,2020,8,35,26,Wed,
0,2020,8,35,27,Thu,
0,2020,8,35,28,Fri,
0,2020,8,35,29,Sat,
0,2020,8,35,30,Sun,
0,2020,8,36,31,Mon,
0,2020,9,36,1,Tue,
0,2020,9,36,2,Wed,
0,2020,9,36,3,Thu,
0,2020,9,36,4,Fri,
0,2020,9,36,5,Sat,
0,2020,9,36,6,Sun,
0,2020,9,37,7,Mon,Labor Day
0,2020,9,37,8,Tue,
0,2020,9,37,9,Wed,
0,2020,9,37,10,Thu,
0,2020,9,37,11,Fri,
0,2020,9,37,12,Sat,
0,2020,9,37,13,Sun,
0,2020,9,38,14,Mon,
0,2020,9,38,15,Tue,
0,2020,9,38,16,Wed,
0,2020,9,38,17,Thu,
0,2020,9,38,18,Fri,
0,2020,9,38,19,Sat,
0,2020,9,38,20,Sun,
0,2020,9,39,21,Mon,
0,2020,9,39,22,Tue,
0,2020,9,39,23,Wed,
0,2020,9,39,24,Thu,
0,2020,9,39,25,Fri,
0,2020,9,39,26,Sat,
0,2020,9,39,27,Sun,
0,2020,9,40,28,Mon,
0,2020,9,40,29,Tue,
0,2020,9,40,30,Wed,
0,2020,10,40,1,Thu,
0,2020,10,40,2,Fri,
0,2020,10,40,3,Sat,
0,2020,10,40,4,Sun,
0,2020,10,41,5,Mon,
0,2020,10,41,6,Tue,
0,2020,10,41,7,Wed,
0,2020,10,41,8,Thu,
0,2020,10,41,9,Fri,
0,2020,10,41,10,Sat,
0,2020,10,41,11,Sun,
0,2020,10,42,12,Mon,Columbus Day
0,2020,10,42,13,Tue,
0,2020,10,42,14,Wed,
0,2020,10,42,15,Thu,
0,2020,10,42,16,Fri,
0,2020,10,42,17,Sat,
0,2020,10,42,18,Sun,
0,2020,10,43,19,Mon,
0,2020,10,43,20,Tue,
0,2020,10,43,21,Wed,
0,2020,10,43,22,Thu,
0,2020,10,43,23,Fri,
0,2020,10,43,24,Sat,
0,2020,10,43,25,Sun,
0,2020,10,44,26,Mon,
0,2020,10,44,27,Tue,
0,2020,10,44,28,Wed,
0,2020,10,44,29,Thu,
0,2020,10,44,30,Fri,
0,2020,10,44,31,Sat,
0,2020,11,44,1,Sun,
0,2020,11,45,2,Mon,
0,2020,11,45,3,Tue,
0,2020,11,45,4,Wed,
0,2020,11,45,5,Thu,
0,2020,11,45,6,Fri,
0,2020,11,45,7,Sat,
0,2020,11,45,8,Sun,
0,2020,11,46,9,Mon,
0,2020,11,46,10,Tue,
0,2020,11,46,11,Wed,Veterans Day
0,2020,11,46,12,Thu,
0,2020,11,46,13,Fri,
0,2020,11,46,14,Sat,
0,2020,11,46,15,Sun,
0,2020,11,47,16,Mon,
0,2020,11,47,17,Tue,
0,2020,11,47,18,Wed,
0,2020,11,47,19,Thu,
0,2020,11,47,20,Fri,
0,2020,11,47,21,Sat,
0,2020,11,47,22,Sun,
0,2020,11,48,23,Mon,
0,2020,11,48,24,Tue,
0,2020,11,48,25,Wed,
0,2020,11,48,26,Thu,Thanksgiving
0,2020,11,48,27,Fri,
0,2020,11,48,28,Sat,
0,2020,11,48,29,Sun,
0,2020,11,49,30,Mon,
0,2020,12,49,1,Tue,
0,2020,12,49,2,Wed,
0,2020,12,49,3,Thu,
0,2020,12,49,4,Fri,
0,2020,12,49,5,Sat,
0,2020,12,49,6,Sun,
0,2020,12,50,7,Mon,
0,2020,12,50,8,Tue,
0,2020,12,50,9,Wed,
0,2020,12,50,10,Thu,
0,2020,12,50,11,Fri,
0,2020,12,50,12,Sat,
0,2020,12,50,13,Sun,
0,2020,12,51,14,Mon,
0,2020,12,51,15,Tue,
0,2020,12,51,16,Wed,
0,2020,12,51,17,Thu,
0,2020,12,51,18,Fri,
0,2020,12,51,19,Sat,
0,2020,12,51,20,Sun,
0,2020,12,52,21,Mon,
0,2020,12,52,22,Tue,
0,2020,12,52,23,Wed,
0,2020,12,52,24,Thu,
0,2020,12,52,25,Fri,Christmas Day
0,2020,12,52,26,Sat,
0,2020,12,52,27,Sun,
0,2020,12,53,28,Mon,
0,2020,12,53,29,Tue,
0,2020,12,53,30,Wed,
0,2020,12,53,31,Thu,
1455,2021,1,53,1,Fri,New Year's Day
1738,2021,1,53,2,Sat,
1844,2021,1,53,3,Sun,
1789,2021,1,1,4,Mon,
1430,2021,1,1,5,Tue,
1356,2021,1,1,6,Wed,
1565,2021,1,1,7,Thu,
1601,2021,1,1,8,Fri,
1344,2021,1,1,9,Sat,
1602,2021,1,1,10,Sun,
1535,2021,1,2,11,Mon,
1306,2021,1,2,12,Tue,
1324,2021,1,2,13,Wed,
1568,2021,1,2,14,Thu,
1615,2021,1,2,15,Fri,
1332,2021,1,2,16,Sat,
1511,2021,1,2,17,Sun,
1546,2021,1,3,18,Mon,Martin Luther King Jr. Day
1318,2021,1,3,19,Tue,
1320,2021,1,3,20,Wed,
1575,2021,1,3,21,Thu,
1607,2021,1,3,22,Fri,
1341,2021,1,3,23,Sat,
1600,2021,1,3,24,Sun,
1541,2021,1,4,25,Mon,
1304,2021,1,4,26,Tue,
1319,2021,1,4,27,Wed,
1568,2021,1,4,28,Thu,
1603,2021,1,4,29,Fri,
1341,2021,1,4,30,Sat,
1614,2021,1,4,31,Sun,
1550,2021,2,5,1,Mon,
1322,2021,2,5,2,Tue,
1326,2021,2,5,3,Wed,
1580,2021,2,5,4,Thu,
1622,2021,2,5,5,Fri,
1352,2021,2,5,6,Sat,
1534,2021,2,5,7,Sun,
1556,2021,2,6,8,Mon,
1317,2021,2,6,9,Tue,
1339,2021,2,6,10,Wed,
1604,2021,2,6,11,Thu,
1662,2021,2,6,12,Fri,
1387,2021,2,6,13,Sat,
1518,2021,2,6,14,Sun,
1622,2021,2,7,15,Mon,Washington's Birthday
1369,2021,2,7,16,Tue,
1376,2021,2,7,17,Wed,
1630,2021,2,7,18,Thu,
1664,2021,2,7,19,Fri,
1406,2021,2,7,20,Sat,
1649,2021,2,7,21,Sun,
1612,2021,2,8,22,Mon,
1366,2021,2,8,23,Tue,
1375,2021,2,8,24,Wed,
1630,2021,2,8,25,Thu,
1665,2021,2,8,26,Fri,
1405,2021,2,8,27,Sat,
1652,2021,2,8,28,Sun,
1619,2021,3,9,1,Mon,
1420,2021,3,9,2,Tue,
1440,2021,3,9,3,Wed,
1850,2021,3,9,4,Thu,
1874,2021,3,9,5,Fri,
1659,2021,3,9,6,Sat,
1901,2021,3,9,7,Sun,
1894,2021,3,10,8,Mon,
1642,2021,3,10,9,Tue,
1690,2021,3,10,10,Wed,
1949,2021,3,10,11,Thu,
1963,2021,3,10,12,Fri,
1785,2021,3,10,13,Sat,
1959,2021,3,10,14,Sun,
1942,2021,3,11,15,Mon,
1734,2021,3,11,16,Tue,
1762,2021,3,11,17,Wed,
1961,2021,3,11,18,Thu,
1971,2021,3,11,19,Fri,
1802,2021,3,11,20,Sat,
1964,2021,3,11,21,Sun,
1943,2021,3,12,22,Mon,
1735,2021,3,12,23,Tue,
1768,2021,3,12,24,Wed,
1971,2021,3,12,25,Thu,
1977,2021,3,12,26,Fri,
1825,2021,3,12,27,Sat,
1980,2021,3,12,28,Sun,
1948,2021,3,13,29,Mon,
1743,2021,3,13,30,Tue,
1776,2021,3,13,31,Wed,
1977,2021,4,13,1,Thu,
2054,2021,4,13,2,Fri,
1872,2021,4,13,3,Sat,
2020,2021,4,13,4,Sun,
2039,2021,4,14,5,Mon,
1740,2021,4,14,6,Tue,
1742,2021,4,14,7,Wed,
2022,2021,4,14,8,Thu,
2043,2021,4,14,9,Fri,
1874,2021,4,14,10,Sat,
2035,2021,4,14,11,Sun,
2024,2021,4,15,12,Mon,
1687,2021,4,15,13,Tue,
1674,2021,4,15,14,Wed,
2031,2021,4,15,15,Thu,
2049,2021,4,15,16,Fri,
1831,2021,4,15,17,Sat,
2029,2021,4,15,18,Sun,
2014,2021,4,16,19,Mon,
1674,2021,4,16,20,Tue,
1678,2021,4,16,21,Wed,
2037,2021,4,16,22,Thu,
2046,2021,4,16,23,Fri,
1833,2021,4,16,24,Sat,
2029,2021,4,16,25,Sun,
2012,2021,4,17,26,Mon,
1670,2021,4,17,27,Tue,
1676,2021,4,17,28,Wed,
2027,2021,4,17,29,Thu,
1924,2021,4,17,30,Fri,
1824,2021,5,17,1,Sat,
2015,2021,5,17,2,Sun,
2002,2021,5,18,3,Mon,
1669,2021,5,18,4,Tue,
1768,2021,5,18,5,Wed,
2201,2021,5,18,6,Thu,
2211,2021,5,18,7,Fri,
2042,2021,5,18,8,Sat,
2234,2021,5,18,9,Sun,
2215,2021,5,19,10,Mon,
1990,2021,5,19,11,Tue,
2008,2021,5,19,12,Wed,
2246,2021,5,19,13,Thu,
2238,2021,5,19,14,Fri,
2056,2021,5,19,15,Sat,
2246,2021,5,19,16,Sun,
2234,2021,5,20,17,Mon,
2049,2021,5,20,18,Tue,
2072,2021,5,20,19,Wed,
2254,2021,5,20,20,Thu,
2264,2021,5,20,21,Fri,
2087,2021,5,20,22,Sat,
2273,2021,5,20,23,Sun,
2257,2021,5,21,24,Mon,
2058,2021,5,21,25,Tue,
2081,2021,5,21,26,Wed,
2267,2021,5,21,27,Thu,
2285,2021,5,21,28,Fri,
2060,2021,5,21,29,Sat,
2162,2021,5,21,30,Sun,
2268,2021,5,22,31,Mon,Memorial Day
2108,2021,6,22,1,Tue,
2104,2021,6,22,2,Wed,
2372,2021,6,22,3,Thu,
2462,2021,6,22,4,Fri,
2327,2021,6,22,5,Sat,
2526,2021,6,22,6,Sun,
2524,2021,6,23,7,Mon,
2396,2021,6,23,8,Tue,
2405,2021,6,23,9,Wed,
2551,2021,6,23,10,Thu,
2575,2021,6,23,11,Fri,
2352,2021,6,23,12,Sat,
2539,2021,6,23,13,Sun,
2542,2021,6,24,14,Mon,
2428,2021,6,24,15,Tue,
2435,2021,6,24,16,Wed,
2561,2021,6,24,17,Thu,
2590,2021,6,24,18,Fri,Juneteenth National Independence Day (observed)
2361,2021,6,24,19,Sat,Juneteenth National Independence Day
2555,2021,6,24,20,Sun,
2548,2021,6,25,21,Mon,
2435,2021,6,25,22,Tue,
2443,2021,6,25,23,Wed,
2564,2021,6,25,24,Thu,
2575,2021,6,25,25,Fri,
2345,2021,6,25,26,Sat,
2532,2021,6,25,27,Sun,
2520,2021,6,26,28,Mon,
2402,2021,6,26,29,Tue,
2423,2021,6,26,30,Wed,
2612,2021,7,26,1,Thu,
2613,2021,7,26,2,Fri,
2341,2021,7,26,3,Sat,
2250,2021,7,26,4,Sun,Independence Day
2538,2021,7,27,5,Mon,Independence Day (observed)
2505,2021,7,27,6,Tue,
2528,2021,7,27,7,Wed,
2620,2021,7,27,8,Thu,
2625,2021,7,27,9,Fri,
2404,2021,7,27,10,Sat,
2586,2021,7,27,11,Sun,
2608,2021,7,28,12,Mon,
2526,2021,7,28,13,Tue,
2531,2021,7,28,14,Wed,
2660,2021,7,28,15,Thu,
2669,2021,7,28,16,Fri,
2455,2021,7,28,17,Sat,
2638,2021,7,28,18,Sun,
2658,2021,7,29,19,Mon,
2571,2021,7,29,20,Tue,
2581,2021,7,29,21,Wed,
2674,2021,7,29,22,Thu,
2680,2021,7,29,23,Fri,
2457,2021,7,29,24,Sat,
2640,2021,7,29,25,Sun,
2660,2021,7,30,26,Mon,
2574,2021,7,30,27,Tue,
2582,2021,7,30,28,Wed,
2674,2021,7,30,29,Thu,
2681,2021,7,30,30,Fri,
2463,2021,7,30,31,Sat,
2652,2021,8,30,1,Sun,
2682,2021,8,31,2,Mon,
2582,2021,8,31,3,Tue,
2587,2021,8,31,4,Wed,
2706,2021,8,31,5,Thu,
2709,2021,8,31,6,Fri,
2459,2021,8,31,7,Sat,
2660,2021,8,31,8,Sun,
2698,2021,8,32,9,Mon,
2581,2021,8,32,10,Tue,
2589,2021,8,32,11,Wed,
2701,2021,8,32,12,Thu,
2704,2021,8,32,13,Fri,
2457,2021,8,32,14,Sat,
2660,2021,8,32,15,Sun,
2686,2021,8,33,16,Mon,
2426,2021,8,33,17,Tue,
2523,2021,8,33,18,Wed,
2701,2021,8,33,19,Thu,
2703,2021,8,33,20,Fri,
2384,2021,8,33,21,Sat,
2618,2021,8,33,22,Sun,
2611,2021,8,34,23,Mon,
2433,2021,8,34,24,Tue,
2532,2021,8,34,25,Wed,
2702,2021,8,34,26,Thu,
2702,2021,8,34,27,Fri,
2380,2021,8,34,28,Sat,
2605,2021,8,34,29,Sun,
2612,2021,8,35,30,Mon,
2430,2021,8,35,31,Tue,
2528,2021,9,35,1,Wed,
2697,2021,9,35,2,Thu,
2705,2021,9,35,3,Fri,
2264,2021,9,35,4,Sat,
2283,2021,9,35,5,Sun,
2486,2021,9,36,6,Mon,Labor Day
2383,2021,9,36,7,Tue,
2414,2021,9,36,8,Wed,
2622,2021,9,36,9,Thu,
2635,2021,9,36,10,Fri,
2278,2021,9,36,11,Sat,
2598,2021,9,36,12,Sun,
2636,2021,9,37,13,Mon,
2388,2021,9,37,14,Tue,
2459,2021,9,37,15,Wed,
2702,2021,9,37,16,Thu,
2720,2021,9,37,17,Fri,
2307,2021,9,37,18,Sat,
2674,2021,9,37,19,Sun,
2648,2021,9,38,20,Mon,
2386,2021,9,38,21,Tue,
2459,2021,9,38,22,Wed,
2710,2021,9,38,23,Thu,
2716,2021,9,38,24,Fri,
2306,2021,9,38,25,Sat,
2676,2021,9,38,26,Sun,
2647,2021,9,39,27,Mon,
2387,2021,9,39,28,Tue,
2456,2021,9,39,29,Wed,
2710,2021,9,39,30,Thu,
2702,2021,10,39,1,Fri,
2280,2021,10,39,2,Sat,
2646,2021,10,39,3,Sun,
2617,2021,10,40,4,Mon,
2426,2021,10,40,5,Tue,
2477,2021,10,40,6,Wed,
2774,2021,10,40,7,Thu,
2789,2021,10,40,8,Fri,
2454,2021,10,40,9,Sat,
2728,2021,10,40,10,Sun,
2730,2021,10,41,11,Mon,Columbus Day
2509,2021,10,41,12,Tue,
2584,2021,10,41,13,Wed,
2790,2021,10,41,14,Thu,
2789,2021,10,41,15,Fri,
2445,2021,10,41,16,Sat,
2725,2021,10,41,17,Sun,
2729,2021,10,42,18,Mon,
2503,2021,10,42,19,Tue,
2584,2021,10,42,20,Wed,
2794,2021,10,42,21,Thu,
2800,2021,10,42,22,Fri,
2449,2021,10,42,23,Sat,
2732,2021,10,42,24,Sun,
2736,2021,10,43,25,Mon,
2510,2021,10,43,26,Tue,
2585,2021,10,43,27,Wed,
2795,2021,10,43,28,Thu,
2779,2021,10,43,29,Fri,
2384,2021,10,43,30,Sat,
2485,2021,10,43,31,Sun,
2724,2021,11,44,1,Mon,
2503,2021,11,44,2,Tue,
2629,2021,11,44,3,Wed,
2824,2021,11,44,4,Thu,
2811,2021,11,44,5,Fri,
2422,2021,11,44,6,Sat,
2755,2021,11,44,7,Sun,
2837,2021,11,45,8,Mon,
2585,2021,11,45,9,Tue,
2672,2021,11,45,10,Wed,
2883,2021,11,45,11,Thu,Veterans Day
2856,2021,11,45,12,Fri,
2422,2021,11,45,13,Sat,
2765,2021,11,45,14,Sun,
2831,2021,11,46,15,Mon,
2597,2021,11,46,16,Tue,
2723,2021,11,46,17,Wed,
2879,2021,11,46,18,Thu,
2888,2021,11,46,19,Fri,
2502,2021,11,46,20,Sat,
2748,2021,11,46,21,Sun,
2696,2021,11,47,22,Mon,
2791,2021,11,47,23,Tue,
2914,2021,11,47,24,Wed,
1826,2021,11,47,25,Thu,Thanksgiving
2296,2021,11,47,26,Fri,
2779,2021,11,47,27,Sat,
2932,2021,11,47,28,Sun,
2917,2021,11,48,29,Mon,
2708,2021,11,48,30,Tue,
2654,2021,12,48,1,Wed,
2838,2021,12,48,2,Thu,
2825,2021,12,48,3,Fri,
2378,2021,12,48,4,Sat,
2716,2021,12,48,5,Sun,
2756,2021,12,49,6,Mon,
2527,2021,12,49,7,Tue,
2604,2021,12,49,8,Wed,
2798,2021,12,49,9,Thu,
2787,2021,12,49,10,Fri,
2352,2021,12,49,11,Sat,
2701,2021,12,49,12,Sun,
2755,2021,12,50,13,Mon,
2521,2021,12,50,14,Tue,
2567,2021,12,50,15,Wed,
2731,2021,12,50,16,Thu,
2752,2021,12,50,17,Fri,
2459,2021,12,50,18,Sat,
2587,2021,12,50,19,Sun,
2667,2021,12,51,20,Mon,
2698,2021,12,51,21,Tue,
2699,2021,12,51,22,Wed,
2698,2021,12,51,23,Thu,
2218,2021,12,51,24,Fri,Christmas Day (observed)
2178,2021,12,51,25,Sat,Christmas Day
2618,2021,12,51,26,Sun,
2670,2021,12,52,27,Mon,
2664,2021,12,52,28,Tue,
2660,2021,12,52,29,Wed,
2656,2021,12,52,30,Thu,
2227,2021,12,52,31,Fri,New Year's Day (observed)
2262,2022,1,52,1,Sat,New Year's Day
2651,2022,1,52,2,Sun,
2693,2022,1,1,3,Mon,
2552,2022,1,1,4,Tue,
2473,2022,1,1,5,Wed,
2662,2022,1,1,6,Thu,
2650,2022,1,1,7,Fri,
2226,2022,1,1,8,Sat,
2583,2022,1,1,9,Sun,
2628,2022,1,2,10,Mon,
2451,2022,1,2,11,Tue,
2468,2022,1,2,12,Wed,
2653,2022,1,2,13,Thu,
2677,2022,1,2,14,Fri,
2158,2022,1,2,15,Sat,
2391,2022,1,2,16,Sun,
2631,2022,1,3,17,Mon,Martin Luther King Jr. Day
2450,2022,1,3,18,Tue,
2455,2022,1,3,19,Wed,
2671,2022,1,3,20,Thu,
2668,2022,1,3,21,Fri,
2171,2022,1,3,22,Sat,
2585,2022,1,3,23,Sun,
2615,2022,1,4,24,Mon,
2413,2022,1,4,25,Tue,
2448,2022,1,4,26,Wed,
2685,2022,1,4,27,Thu,
2672,2022,1,4,28,Fri,
2170,2022,1,4,29,Sat,
2588,2022,1,4,30,Sun,
2618,2022,1,5,31,Mon,
2429,2022,2,5,1,Tue,
2469,2022,2,5,2,Wed,
2707,2022,2,5,3,Thu,
2693,2022,2,5,4,Fri,
2230,2022,2,5,5,Sat,
2611,2022,2,5,6,Sun,
2670,2022,2,6,7,Mon,
2474,2022,2,6,8,Tue,
2498,2022,2,6,9,Wed,
2721,2022,2,6,10,Thu,
2736,2022,2,6,11,Fri,
2278,2022,2,6,12,Sat,
2479,2022,2,6,13,Sun,
2709,2022,2,7,14,Mon,
2506,2022,2,7,15,Tue,
2550,2022,2,7,16,Wed,
2744,2022,2,7,17,Thu,
2741,2022,2,7,18,Fri,
2279,2022,2,7,19,Sat,
2476,2022,2,7,20,Sun,
2723,2022,2,8,21,Mon,Washington's Birthday
2569,2022,2,8,22,Tue,
2568,2022,2,8,23,Wed,
2749,2022,2,8,24,Thu,
2738,2022,2,8,25,Fri,
2314,2022,2,8,26,Sat,
2652,2022,2,8,27,Sun,
2706,2022,2,9,28,Mon,
2542,2022,3,9,1,Tue,
2565,2022,3,9,2,Wed,
2695,2022,3,9,3,Thu,
2715,2022,3,9,4,Fri,
2312,2022,3,9,5,Sat,
2627,2022,3,9,6,Sun,
2693,2022,3,10,7,Mon,
2526,2022,3,10,8,Tue,
2547,2022,3,10,9,Wed,
2723,2022,3,10,10,Thu,
2751,2022,3,10,11,Fri,
2429,2022,3,10,12,Sat,
2672,2022,3,10,13,Sun,
2727,2022,3,11,14,Mon,
2570,2022,3,11,15,Tue,
2582,2022,3,11,16,Wed,
2734,2022,3,11,17,Thu,
2762,2022,3,11,18,Fri,
2443,2022,3,11,19,Sat,
2686,2022,3,11,20,Sun,
2727,2022,3,12,21,Mon,
2570,2022,3,12,22,Tue,
2584,2022,3,12,23,Wed,
2740,2022,3,12,24,Thu,
2767,2022,3,12,25,Fri,
2435,2022,3,12,26,Sat,
2701,2022,3,12,27,Sun,
2734,2022,3,13,28,Mon,
2570,2022,3,13,29,Tue,
2578,2022,3,13,30,Wed,
2741,2022,3,13,31,Thu,
2763,2022,4,13,1,Fri,
2450,2022,4,13,2,Sat,
2720,2022,4,13,3,Sun,
2723,2022,4,14,4,Mon,
2571,2022,4,14,5,Tue,
2597,2022,4,14,6,Wed,
2735,2022,4,14,7,Thu,
2739,2022,4,14,8,Fri,
2388,2022,4,14,9,Sat,
2673,2022,4,14,10,Sun,
2722,2022,4,15,11,Mon,
2582,2022,4,15,12,Tue,
2597,2022,4,15,13,Wed,
2739,2022,4,15,14,Thu,
2734,2022,4,15,15,Fri,
2364,2022,4,15,16,Sat,
2652,2022,4,15,17,Sun,
2722,2022,4,16,18,Mon,
2583,2022,4,16,19,Tue,
2596,2022,4,16,20,Wed,
2733,2022,4,16,21,Thu,
2736,2022,4,16,22,Fri,
2384,2022,4,16,23,Sat,
2668,2022,4,16,24,Sun,
2716,2022,4,17,25,Mon,
2587,2022,4,17,26,Tue,
2603,2022,4,17,27,Wed,
2744,2022,4,17,28,Thu,
2748,2022,4,17,29,Fri,
2417,2022,4,17,30,Sat,
2694,2022,5,17,1,Sun,
2753,2022,5,18,2,Mon,
2625,2022,5,18,3,Tue,
2636,2022,5,18,4,Wed,
2808,2022,5,18,5,Thu,
2851,2022,5,18,6,Fri,
2506,2022,5,18,7,Sat,
2796,2022,5,18,8,Sun,
2847,2022,5,19,9,Mon,
2731,2022,5,19,10,Tue,
2731,2022,5,19,11,Wed,
2857,2022,5,19,12,Thu,
2857,2022,5,19,13,Fri,
2519,2022,5,19,14,Sat,
2813,2022,5,19,15,Sun,
2855,2022,5,20,16,Mon,
2733,2022,5,20,17,Tue,
2738,2022,5,20,18,Wed,
2858,2022,5,20,19,Thu,
2854,2022,5,20,20,Fri,
2519,2022,5,20,21,Sat,
2814,2022,5,20,22,Sun,
2853,2022,5,21,23,Mon,
2734,2022,5,21,24,Tue,
2728,2022,5,21,25,Wed,
2871,2022,5,21,26,Thu,
2869,2022,5,21,27,Fri,
2513,2022,5,21,28,Sat,
2701,2022,5,21,29,Sun,
2832,2022,5,22,30,Mon,Memorial Day
2730,2022,5,22,31,Tue,
2725,2022,6,22,1,Wed,
2833,2022,6,22,2,Thu,
2877,2022,6,22,3,Fri,
2533,2022,6,22,4,Sat,
2850,2022,6,22,5,Sun,
2902,2022,6,23,6,Mon,
2837,2022,6,23,7,Tue,
2846,2022,6,23,8,Wed,
2895,2022,6,23,9,Thu,
2906,2022,6,23,10,Fri,
2598,2022,6,23,11,Sat,
2864,2022,6,23,12,Sun,
2903,2022,6,24,13,Mon,
2848,2022,6,24,14,Tue,
2857,2022,6,24,15,Wed,
2912,2022,6,24,16,Thu,
2912,2022,6,24,17,Fri,
2605,2022,6,24,18,Sat,
2867,2022,6,24,19,Sun,Juneteenth National Independence Day
2909,2022,6,25,20,Mon,Juneteenth National Independence Day (observed)
2856,2022,6,25,21,Tue,
2864,2022,6,25,22,Wed,
2913,2022,6,25,23,Thu,
2929,2022,6,25,24,Fri,
2622,2022,6,25,25,Sat,
2889,2022,6,25,26,Sun,
2906,2022,6,26,27,Mon,
2848,2022,6,26,28,Tue,
2855,2022,6,26,29,Wed,
2911,2022,6,26,30,Thu,
2937,2022,7,26,1,Fri,
2613,2022,7,26,2,Sat,
2636,2022,7,26,3,Sun,
2749,2022,7,27,4,Mon,Independence Day
2817,2022,7,27,5,Tue,
2755,2022,7,27,6,Wed,
2811,2022,7,27,7,Thu,
2818,2022,7,27,8,Fri,
2610,2022,7,27,9,Sat,
2864,2022,7,27,10,Sun,
2933,2022,7,28,11,Mon,
2843,2022,7,28,12,Tue,
2851,2022,7,28,13,Wed,
2933,2022,7,28,14,Thu,
2938,2022,7,28,15,Fri,
2603,2022,7,28,16,Sat,
2858,2022,7,28,17,Sun,
2928,2022,7,29,18,Mon,
2841,2022,7,29,19,Tue,
2849,2022,7,29,20,Wed,
2928,2022,7,29,21,Thu,
2924,2022,7,29,22,Fri,
2601,2022,7,29,23,Sat,
2850,2022,7,29,24,Sun,
2924,2022,7,30,25,Mon,
2836,2022,7,30,26,Tue,
2839,2022,7,30,27,Wed,
2924,2022,7,30,28,Thu,
2926,2022,7,30,29,Fri,
2607,2022,7,30,30,Sat,
2860,2022,7,30,31,Sun,
2911,2022,8,31,1,Mon,
2805,2022,8,31,2,Tue,
2813,2022,8,31,3,Wed,
2927,2022,8,31,4,Thu,
2930,2022,8,31,5,Fri,
2610,2022,8,31,6,Sat,
2862,2022,8,31,7,Sun,
2927,2022,8,32,8,Mon,
2869,2022,8,32,9,Tue,
2871,2022,8,32,10,Wed,
2914,2022,8,32,11,Thu,
2920,2022,8,32,12,Fri,
2599,2022,8,32,13,Sat,
2844,2022,8,32,14,Sun,
2867,2022,8,33,15,Mon,
2832,2022,8,33,16,Tue,
2850,2022,8,33,17,Wed,
2892,2022,8,33,18,Thu,
2898,2022,8,33,19,Fri,
2641,2022,8,33,20,Sat,
2848,2022,8,33,21,Sun,
2873,2022,8,34,22,Mon,
2832,2022,8,34,23,Tue,
2848,2022,8,34,24,Wed,
2892,2022,8,34,25,Thu,
2897,2022,8,34,26,Fri,
2631,2022,8,34,27,Sat,
2847,2022,8,34,28,Sun,
2882,2022,8,35,29,Mon,
2833,2022,8,35,30,Tue,
2840,2022,8,35,31,Wed,
2882,2022,9,35,1,Thu,
2881,2022,9,35,2,Fri,
2449,2022,9,35,3,Sat,
2536,2022,9,35,4,Sun,
2861,2022,9,36,5,Mon,Labor Day
2765,2022,9,36,6,Tue,
2675,2022,9,36,7,Wed,
2818,2022,9,36,8,Thu,
2837,2022,9,36,9,Fri,
2573,2022,9,36,10,Sat,
2878,2022,9,36,11,Sun,
2935,2022,9,37,12,Mon,
2753,2022,9,37,13,Tue,
2753,2022,9,37,14,Wed,
2946,2022,9,37,15,Thu,
2882,2022,9,37,16,Fri,
2522,2022,9,37,17,Sat,
2844,2022,9,37,18,Sun,
2855,2022,9,38,19,Mon,
2669,2022,9,38,20,Tue,
2678,2022,9,38,21,Wed,
2865,2022,9,38,22,Thu,
2878,2022,9,38,23,Fri,
2531,2022,9,38,24,Sat,
2845,2022,9,38,25,Sun,
2938,2022,9,39,26,Mon,
2750,2022,9,39,27,Tue,
2760,2022,9,39,28,Wed,
2957,2022,9,39,29,Thu,
3001,2022,9,39,30,Fri,
2619,2022,10,39,1,Sat,
2929,2022,10,39,2,Sun,
2950,2022,10,40,3,Mon,
2770,2022,10,40,4,Tue,
2789,2022,10,40,5,Wed,
2965,2022,10,40,6,Thu,
2973,2022,10,40,7,Fri,
2658,2022,10,40,8,Sat,
2948,2022,10,40,9,Sun,
2947,2022,10,41,10,Mon,Columbus Day
2858,2022,10,41,11,Tue,
2874,2022,10,41,12,Wed,
2968,2022,10,41,13,Thu,
2979,2022,10,41,14,Fri,
2653,2022,10,41,15,Sat,
2943,2022,10,41,16,Sun,
2941,2022,10,42,17,Mon,
2862,2022,10,42,18,Tue,
2875,2022,10,42,19,Wed,
2974,2022,10,42,20,Thu,
2981,2022,10,42,21,Fri,
2658,2022,10,42,22,Sat,
2940,2022,10,42,23,Sun,
2949,2022,10,43,24,Mon,
2860,2022,10,43,25,Tue,
2871,2022,10,43,26,Wed,
2965,2022,10,43,27,Thu,
2963,2022,10,43,28,Fri,
2539,2022,10,43,29,Sat,
2822,2022,10,43,30,Sun,
2676,2022,10,44,31,Mon,
2858,2022,11,44,1,Tue,
2872,2022,11,44,2,Wed,
2895,2022,11,44,3,Thu,
2908,2022,11,44,4,Fri,
2552,2022,11,44,5,Sat,
2801,2022,11,44,6,Sun,
2790,2022,11,45,7,Mon,
2770,2022,11,45,8,Tue,
2874,2022,11,45,9,Wed,
2928,2022,11,45,10,Thu,
2930,2022,11,45,11,Fri,Veterans Day
2590,2022,11,45,12,Sat,
2934,2022,11,45,13,Sun,
2925,2022,11,46,14,Mon,
2879,2022,11,46,15,Tue,
2877,2022,11,46,16,Wed,
2931,2022,11,46,17,Thu,
2933,2022,11,46,18,Fri,
2615,2022,11,46,19,Sat,
2961,2022,11,46,20,Sun,
2888,2022,11,47,21,Mon,
2866,2022,11,47,22,Tue,
2930,2022,11,47,23,Wed,
1928,2022,11,47,24,Thu,Thanksgiving
2627,2022,11,47,25,Fri,
2837,2022,11,47,26,Sat,
3046,2022,11,47,27,Sun,
2950,2022,11,48,28,Mon,
2850,2022,11,48,29,Tue,
2851,2022,11,48,30,Wed,
2930,2022,12,48,1,Thu,
2936,2022,12,48,2,Fri,
2594,2022,12,48,3,Sat,
2919,2022,12,48,4,Sun,
2942,2022,12,49,5,Mon,
2856,2022,12,49,6,Tue,
2843,2022,12,49,7,Wed,
2932,2022,12,49,8,Thu,
2939,2022,12,49,9,Fri,
2607,2022,12,49,10,Sat,
2910,2022,12,49,11,Sun,
2934,2022,12,50,12,Mon,
2848,2022,12,50,13,Tue,
2853,2022,12,50,14,Wed,
2978,2022,12,50,15,Thu,
2985,2022,12,50,16,Fri,
2660,2022,12,50,17,Sat,
2878,2022,12,50,18,Sun,
2851,2022,12,51,19,Mon,
2832,2022,12,51,20,Tue,
2897,2022,12,51,21,Wed,
2918,2022,12,51,22,Thu,
2920,2022,12,51,23,Fri,
2227,2022,12,51,24,Sat,
2262,2022,12,51,25,Sun,Christmas Day
2871,2022,12,52,26,Mon,Christmas Day (observed)
2868,2022,12,52,27,Tue,
2868,2022,12,52,28,Wed,
2879,2022,12,52,29,Thu,
2880,2022,12,52,30,Fri,
2260,2022,12,52,31,Sat,
2510,2023,1,52,1,Sun,New Year's Day
2889,2023,1,1,2,Mon,New Year's Day (observed)
2823,2023,1,1,3,Tue,
2753,2023,1,1,4,Wed,
2679,2023,1,1,5,Thu,
2696,2023,1,1,6,Fri,
2537,2023,1,1,7,Sat,
2767,2023,1,1,8,Sun,
2829,2023,1,2,9,Mon,
2734,2023,1,2,10,Tue,
2722,2023,1,2,11,Wed,
2850,2023,1,2,12,Thu,
2863,2023,1,2,13,Fri,
2392,2023,1,2,14,Sat,
2613,2023,1,2,15,Sun,
2844,2023,1,3,16,Mon,Martin Luther King Jr. Day
2739,2023,1,3,17,Tue,
2733,2023,1,3,18,Wed,
2893,2023,1,3,19,Thu,
2911,2023,1,3,20,Fri,
2497,2023,1,3,21,Sat,
2854,2023,1,3,22,Sun,
2852,2023,1,4,23,Mon,
2746,2023,1,4,24,Tue,
2752,2023,1,4,25,Wed,
2906,2023,1,4,26,Thu,
2920,2023,1,4,27,Fri,
2508,2023,1,4,28,Sat,
2863,2023,1,4,29,Sun,
2853,2023,1,5,30,Mon,
2746,2023,1,5,31,Tue,
2750,2023,2,5,1,Wed,
2896,2023,2,5,2,Thu,
2953,2023,2,5,3,Fri,
2572,2023,2,5,4,Sat,
2884,2023,2,5,5,Sun,
2914,2023,2,6,6,Mon,
2744,2023,2,6,7,Tue,
2741,2023,2,6,8,Wed,
2911,2023,2,6,9,Thu,
2926,2023,2,6,10,Fri,
2585,2023,2,6,11,Sat,
2779,2023,2,6,12,Sun,
2847,2023,2,7,13,Mon,
2746,2023,2,7,14,Tue,
2781,2023,2,7,15,Wed,
2952,2023,2,7,16,Thu,
2963,2023,2,7,17,Fri,
2530,2023,2,7,18,Sat,
2790,2023,2,7,19,Sun,
2980,2023,2,8,20,Mon,Washington's Birthday
2867,2023,2,8,21,Tue,
2867,2023,2,8,22,Wed,
2981,2023,2,8,23,Thu,
2984,2023,2,8,24,Fri,
2602,2023,2,8,25,Sat,
2923,2023,2,8,26,Sun,
2977,2023,2,9,27,Mon,
2860,2023,2,9,28,Tue,
2813,2023,3,9,1,Wed,
2980,2023,3,9,2,Thu,
3005,2023,3,9,3,Fri,
2615,2023,3,9,4,Sat,
2931,2023,3,9,5,Sun,
3017,2023,3,10,6,Mon,
2843,2023,3,10,7,Tue,
2861,2023,3,10,8,Wed,
3063,2023,3,10,9,Thu,
3056,2023,3,10,10,Fri,
2700,2023,3,10,11,Sat,
2969,2023,3,10,12,Sun,
3062,2023,3,11,13,Mon,
2914,2023,3,11,14,Tue,
2925,2023,3,11,15,Wed,
3065,2023,3,11,16,Thu,
3060,2023,3,11,17,Fri,
2698,2023,3,11,18,Sat,
2972,2023,3,11,19,Sun,
3074,2023,3,12,20,Mon,
2924,2023,3,12,21,Tue,
2936,2023,3,12,22,Wed,
3074,2023,3,12,23,Thu,
3067,2023,3,12,24,Fri,
2693,2023,3,12,25,Sat,
2946,2023,3,12,26,Sun,
3038,2023,3,13,27,Mon,
2880,2023,3,13,28,Tue,
2897,2023,3,13,29,Wed,
3034,2023,3,13,30,Thu,
3046,2023,3,13,31,Fri,
2680,2023,4,13,1,Sat,
2946,2023,4,13,2,Sun,
3032,2023,4,14,3,Mon,
2878,2023,4,14,4,Tue,
2932,2023,4,14,5,Wed,
3071,2023,4,14,6,Thu,
3079,2023,4,14,7,Fri,
2680,2023,4,14,8,Sat,
2899,2023,4,14,9,Sun,
3073,2023,4,15,10,Mon,
2916,2023,4,15,11,Tue,
2962,2023,4,15,12,Wed,
3097,2023,4,15,13,Thu,
3111,2023,4,15,14,Fri,
2733,2023,4,15,15,Sat,
3035,2023,4,15,16,Sun,
3085,2023,4,16,17,Mon,
2915,2023,4,16,18,Tue,
2955,2023,4,16,19,Wed,
3106,2023,4,16,20,Thu,
3118,2023,4,16,21,Fri,
2730,2023,4,16,22,Sat,
3039,2023,4,16,23,Sun,
3095,2023,4,17,24,Mon,
2920,2023,4,17,25,Tue,
2965,2023,4,17,26,Wed,
3103,2023,4,17,27,Thu,
3120,2023,4,17,28,Fri,
2737,2023,4,17,29,Sat,
3039,2023,4,17,30,Sun,
3101,2023,5,18,1,Mon,
2924,2023,5,18,2,Tue,
2973,2023,5,18,3,Wed,
3098,2023,5,18,4,Thu,
3156,2023,5,18,5,Fri,
2782,2023,5,18,6,Sat,
3107,2023,5,18,7,Sun,
3170,2023,5,19,8,Mon,
3008,2023,5,19,9,Tue,
3034,2023,5,19,10,Wed,
3190,2023,5,19,11,Thu,
3193,2023,5,19,12,Fri,
2789,2023,5,19,13,Sat,
3130,2023,5,19,14,Sun,
3186,2023,5,20,15,Mon,
3020,2023,5,20,16,Tue,
3038,2023,5,20,17,Wed,
3194,2023,5,20,18,Thu,
3192,2023,5,20,19,Fri,
2811,2023,5,20,20,Sat,
3124,2023,5,20,21,Sun,
3174,2023,5,21,22,Mon,
3019,2023,5,21,23,Tue,
3043,2023,5,21,24,Wed,
3191,2023,5,21,25,Thu,
3193,2023,5,21,26,Fri,
2726,2023,5,21,27,Sat,
2879,2023,5,21,28,Sun,
3175,2023,5,22,29,Mon,Memorial Day
3020,2023,5,22,30,Tue,
3033,2023,5,22,31,Wed,
3230,2023,6,22,1,Thu,
3242,2023,6,22,2,Fri,
2861,2023,6,22,3,Sat,
3157,2023,6,22,4,Sun,
3255,2023,6,23,5,Mon,
3121,2023,6,23,6,Tue,
3112,2023,6,23,7,Wed,
3273,2023,6,23,8,Thu,
3273,2023,6,23,9,Fri,
2870,2023,6,23,10,Sat,
3151,2023,6,23,11,Sun,
3257,2023,6,24,12,Mon,
3112,2023,6,24,13,Tue,
3108,2023,6,24,14,Wed,
3273,2023,6,24,15,Thu,
3261,2023,6,24,16,Fri,
2860,2023,6,24,17,Sat,
3148,2023,6,24,18,Sun,
3261,2023,6,25,19,Mon,Juneteenth National Independence Day
3103,2023,6,25,20,Tue,
3134,2023,6,25,21,Wed,
3258,2023,6,25,22,Thu,
3267,2023,6,25,23,Fri,
2865,2023,6,25,24,Sat,
3161,2023,6,25,25,Sun,
3267,2023,6,26,26,Mon,
3113,2023,6,26,27,Tue,
3143,2023,6,26,28,Wed,
3279,2023,6,26,29,Thu,
3268,2023,6,26,30,Fri,
2907,2023,7,26,1,Sat,
3006,2023,7,26,2,Sun,
2832,2023,7,27,3,Mon,
2738,2023,7,27,4,Tue,Independence Day
3173,2023,7,27,5,Wed,
3150,2023,7,27,6,Thu,
3151,2023,7,27,7,Fri,
2926,2023,7,27,8,Sat,
3227,2023,7,27,9,Sun,
3321,2023,7,28,10,Mon,
3214,2023,7,28,11,Tue,
3231,2023,7,28,12,Wed,
3327,2023,7,28,13,Thu,
3335,2023,7,28,14,Fri,
2955,2023,7,28,15,Sat,
3241,2023,7,28,16,Sun,
3334,2023,7,29,17,Mon,
3217,2023,7,29,18,Tue,
3236,2023,7,29,19,Wed,
3335,2023,7,29,20,Thu,
3341,2023,7,29,21,Fri,
2960,2023,7,29,22,Sat,
3246,2023,7,29,23,Sun,
3338,2023,7,30,24,Mon,
3223,2023,7,30,25,Tue,
3240,2023,7,30,26,Wed,
3336,2023,7,30,27,Thu,
3336,2023,7,30,28,Fri,
2958,2023,7,30,29,Sat,
3246,2023,7,30,30,Sun,
3335,2023,7,31,31,Mon,
3192,2023,8,31,1,Tue,
3217,2023,8,31,2,Wed,
3345,2023,8,31,3,Thu,
3348,2023,8,31,4,Fri,
2959,2023,8,31,5,Sat,
3239,2023,8,31,6,Sun,
3336,2023,8,32,7,Mon,
3243,2023,8,32,8,Tue,
3248,2023,8,32,9,Wed,
3333,2023,8,32,10,Thu,
3341,2023,8,32,11,Fri,
2956,2023,8,32,12,Sat,
3224,2023,8,32,13,Sun,
3324,2023,8,33,14,Mon,
3193,2023,8,33,15,Tue,
3195,2023,8,33,16,Wed,
3303,2023,8,33,17,Thu,
3306,2023,8,33,18,Fri,
3010,2023,8,33,19,Sat,
3239,2023,8,33,20,Sun,
3300,2023,8,34,21,Mon,
3186,2023,8,34,22,Tue,
3190,2023,8,34,23,Wed,
3269,2023,8,34,24,Thu,
3272,2023,8,34,25,Fri,
3005,2023,8,34,26,Sat,
3212,2023,8,34,27,Sun,
3247,2023,8,35,28,Mon,
3165,2023,8,35,29,Tue,
3172,2023,8,35,30,Wed,
3290,2023,8,35,31,Thu,
3315,2023,9,35,1,Fri,
2749,2023,9,35,2,Sat,
2772,2023,9,35,3,Sun,
3257,2023,9,36,4,Mon,Labor Day
2984,2023,9,36,5,Tue,
2913,2023,9,36,6,Wed,
3094,2023,9,36,7,Thu,
3141,2023,9,36,8,Fri,
2829,2023,9,36,9,Sat,
3200,2023,9,36,10,Sun,
3278,2023,9,37,11,Mon,
2989,2023,9,37,12,Tue,
3041,2023,9,37,13,Wed,
3285,2023,9,37,14,Thu,
3278,2023,9,37,15,Fri,
2843,2023,9,37,16,Sat,
3218,2023,9,37,17,Sun,
3288,2023,9,38,18,Mon,
2993,2023,9,38,19,Tue,
3044,2023,9,38,20,Wed,
3291,2023,9,38,21,Thu,
3283,2023,9,38,22,Fri,
2839,2023,9,38,23,Sat,
3220,2023,9,38,24,Sun,
3287,2023,9,39,25,Mon,
2992,2023,9,39,26,Tue,
3043,2023,9,39,27,Wed,
3291,2023,9,39,28,Thu,
3307,2023,9,39,29,Fri,
2857,2023,9,39,30,Sat,
3243,2023,10,39,1,Sun,
3306,2023,10,40,2,Mon,
3006,2023,10,40,3,Tue,
3072,2023,10,40,4,Wed,
3317,2023,10,40,5,Thu,
3299,2023,10,40,6,Fri,
2869,2023,10,40,7,Sat,
3264,2023,10,40,8,Sun,
3306,2023,10,41,9,Mon,Columbus Day
3150,2023,10,41,10,Tue,
3177,2023,10,41,11,Wed,
3312,2023,10,41,12,Thu,
3301,2023,10,41,13,Fri,
2868,2023,10,41,14,Sat,
3263,2023,10,41,15,Sun,
3306,2023,10,42,16,Mon,
3151,2023,10,42,17,Tue,
3182,2023,10,42,18,Wed,
3313,2023,10,42,19,Thu,
3301,2023,10,42,20,Fri,
2864,2023,10,42,21,Sat,
3265,2023,10,42,22,Sun,
3295,2023,10,43,23,Mon,
3148,2023,10,43,24,Tue,
3166,2023,10,43,25,Wed,
3303,2023,10,43,26,Thu,
3290,2023,10,43,27,Fri,
2725,2023,10,43,28,Sat,
2935,2023,10,43,29,Sun,
2959,2023,10,44,30,Mon,
2665,2023,10,44,31,Tue,
2951,2023,11,44,1,Wed,
3115,2023,11,44,2,Thu,
3118,2023,11,44,3,Fri,
2764,2023,11,44,4,Sat,
3066,2023,11,44,5,Sun,
3158,2023,11,45,6,Mon,
2983,2023,11,45,7,Tue,
3001,2023,11,45,8,Wed,
3167,2023,11,45,9,Thu,
3167,2023,11,45,10,Fri,Veterans Day (observed)
2736,2023,11,45,11,Sat,Veterans Day
3133,2023,11,45,12,Sun,
3172,2023,11,46,13,Mon,
3010,2023,11,46,14,Tue,
3034,2023,11,46,15,Wed,
3170,2023,11,46,16,Thu,
3155,2023,11,46,17,Fri,
2755,2023,11,46,18,Sat,
3150,2023,11,46,19,Sun,
3046,2023,11,47,20,Mon,
3078,2023,11,47,21,Tue,
3155,2023,11,47,22,Wed,
1873,2023,11,47,23,Thu,Thanksgiving
2670,2023,11,47,24,Fri,
3044,2023,11,47,25,Sat,
3280,2023,11,47,26,Sun,
3198,2023,11,48,27,Mon,
2841,2023,11,48,28,Tue,
2811,2023,11,48,29,Wed,
3044,2023,11,48,30,Thu,
3059,2023,12,48,1,Fri,
2674,2023,12,48,2,Sat,
3046,2023,12,48,3,Sun,
3042,2023,12,49,4,Mon,
2832,2023,12,49,5,Tue,
2832,2023,12,49,6,Wed,
3108,2023,12,49,7,Thu,
3122,2023,12,49,8,Fri,
2653,2023,12,49,9,Sat,
3087,2023,12,49,10,Sun,
3060,2023,12,50,11,Mon,
2885,2023,12,50,12,Tue,
2889,2023,12,50,13,Wed,
3104,2023,12,50,14,Thu,
3098,2023,12,50,15,Fri,
2648,2023,12,50,16,Sat,
2903,2023,12,50,17,Sun,
2866,2023,12,51,18,Mon,
2875,2023,12,51,19,Tue,
3038,2023,12,51,20,Wed,
3072,2023,12,51,21,Thu,
3066,2023,12,51,22,Fri,
2866,2023,12,51,23,Sat,
2370,2023,12,51,24,Sun,
2521,2023,12,52,25,Mon,Christmas Day
3018,2023,12,52,26,Tue,
3014,2023,12,52,27,Wed,
3030,2023,12,52,28,Thu,
3012,2023,12,52,29,Fri,
2855,2023,12,52,30,Sat,
2612,2023,12,52,31,Sun,
2706,2024,1,1,1,Mon,
2965,2024,1,1,2,Tue,
2895,2024,1,1,3,Wed,
2828,2024,1,1,4,Thu,
2813,2024,1,1,5,Fri,
2693,2024,1,1,6,Sat,
2922,2024,1,1,7,Sun,
2866,2024,1,2,8,Mon,
2725,2024,1,2,9,Tue,
2652,2024,1,2,10,Wed,
2876,2024,1,2,11,Thu,
2888,2024,1,2,12,Fri,
2473,2024,1,2,13,Sat,
2714,2024,1,2,14,Sun,
2933,2024,1,3,15,Mon,
2677,2024,1,3,16,Tue,
2689,2024,1,3,17,Wed,
2946,2024,1,3,18,Thu,
2957,2024,1,3,19,Fri,
2471,2024,1,3,20,Sat,
2925,2024,1,3,21,Sun,
2923,2024,1,4,22,Mon,
2664,2024,1,4,23,Tue,
2677,2024,1,4,24,Wed,
2949,2024,1,4,25,Thu,
2959,2024,1,4,26,Fri,
2474,2024,1,4,27,Sat,
2951,2024,1,4,28,Sun,
2868,2024,1,5,29,Mon,
2626,2024,1,5,30,Tue,
2635,2024,1,5,31,Wed,
2891,2024,2,5,1,Thu,
2901,2024,2,5,2,Fri,
2481,2024,2,5,3,Sat,
2894,2024,2,5,4,Sun,
2881,2024,2,6,5,Mon,
2647,2024,2,6,6,Tue,
2661,2024,2,6,7,Wed,
2910,2024,2,6,8,Thu,
2918,2024,2,6,9,Fri,
2500,2024,2,6,10,Sat,
2841,2024,2,6,11,Sun,
2857,2024,2,7,12,Mon,
2624,2024,2,7,13,Tue,
2684,2024,2,7,14,Wed,
3045,2024,2,7,15,Thu,
3052,2024,2,7,16,Fri,
2617,2024,2,7,17,Sat,
2888,2024,2,7,18,Sun,
3039,2024,2,8,19,Mon,
2889,2024,2,8,20,Tue,
2910,2024,2,8,21,Wed,
3055,2024,2,8,22,Thu,
3056,2024,2,8,23,Fri,
2626,2024,2,8,24,Sat,
3040,2024,2,8,25,Sun,
3043,2024,2,9,26,Mon,
2890,2024,2,9,27,Tue,
2909,2024,2,9,28,Wed,
3046,2024,2,9,29,Thu,
3048,2024,3,9,1,Fri,
2653,2024,3,9,2,Sat,
3032,2024,3,9,3,Sun,
3034,2024,3,10,4,Mon,
2872,2024,3,10,5,Tue,
2900,2024,3,10,6,Wed,
3131,2024,3,10,7,Thu,
3122,2024,3,10,8,Fri,
2701,2024,3,10,9,Sat,
3069,2024,3,10,10,Sun,
3147,2024,3,11,11,Mon,
3009,2024,3,11,12,Tue,
3031,2024,3,11,13,Wed,
3177,2024,3,11,14,Thu,
3161,2024,3,11,15,Fri,
2744,2024,3,11,16,Sat,
3085,2024,3,11,17,Sun,
3148,2024,3,12,18,Mon,
3008,2024,3,12,19,Tue,
3031,2024,3,12,20,Wed,
3171,2024,3,12,21,Thu,
3160,2024,3,12,22,Fri,
2755,2024,3,12,23,Sat,
3081,2024,3,12,24,Sun,
3149,2024,3,13,25,Mon,
3011,2024,3,13,26,Tue,
3035,2024,3,13,27,Wed,
3174,2024,3,13,28,Thu,
3161,2024,3,13,29,Fri,
2758,2024,3,13,30,Sat,
3072,2024,3,13,31,Sun,
3146,2024,4,14,1,Mon,
3008,2024,4,14,2,Tue,
3009,2024,4,14,3,Wed,
3183,2024,4,14,4,Thu,
3180,2024,4,14,5,Fri,
2809,2024,4,14,6,Sat,
3090,2024,4,14,7,Sun,
3184,2024,4,15,8,Mon,
3047,2024,4,15,9,Tue,
3057,2024,4,15,10,Wed,
3200,2024,4,15,11,Thu,
3200,2024,4,15,12,Fri,
2801,2024,4,15,13,Sat,
3129,2024,4,15,14,Sun,
3208,2024,4,16,15,Mon,
3046,2024,4,16,16,Tue,
3065,2024,4,16,17,Wed,
3214,2024,4,16,18,Thu,
3216,2024,4,16,19,Fri,
2821,2024,4,16,20,Sat,
3144,2024,4,16,21,Sun,
3217,2024,4,17,22,Mon,
3053,2024,4,17,23,Tue,
3078,2024,4,17,24,Wed,
3222,2024,4,17,25,Thu,
3230,2024,4,17,26,Fri,
2833,2024,4,17,27,Sat,
3155,2024,4,17,28,Sun,
3217,2024,4,18,29,Mon,
3058,2024,4,18,30,Tue,
3084,2024,5,18,1,Wed,
3237,2024,5,18,2,Thu,
3238,2024,5,18,3,Fri,
2840,2024,5,18,4,Sat,
3183,2024,5,18,5,Sun,
3269,2024,5,19,6,Mon,
3173,2024,5,19,7,Tue,
3204,2024,5,19,8,Wed,
3319,2024,5,19,9,Thu,
3314,2024,5,19,10,Fri,
2927,2024,5,19,11,Sat,
3259,2024,5,19,12,Sun,
3312,2024,5,20,13,Mon,
3194,2024,5,20,14,Tue,
3208,2024,5,20,15,Wed,
3327,2024,5,20,16,Thu,
3330,2024,5,20,17,Fri,
2935,2024,5,20,18,Sat,
3268,2024,5,20,19,Sun,
3326,2024,5,21,20,Mon,
3223,2024,5,21,21,Tue,
3240,2024,5,21,22,Wed,
3353,2024,5,21,23,Thu,
3340,2024,5,21,24,Fri,
2829,2024,5,21,25,Sat,
2914,2024,5,21,26,Sun,
3328,2024,5,22,27,Mon,
3217,2024,5,22,28,Tue,
3232,2024,5,22,29,Wed,
3329,2024,5,22,30,Thu,
3330,2024,5,22,31,Fri,
2904,2024,6,22,1,Sat,
3238,2024,6,22,2,Sun,
3328,2024,6,23,3,Mon,
3178,2024,6,23,4,Tue,
3251,2024,6,23,5,Wed,
3353,2024,6,23,6,Thu,
3395,2024,6,23,7,Fri,
3030,2024,6,23,8,Sat,
3333,2024,6,23,9,Sun,
3394,2024,6,24,10,Mon,
3272,2024,6,24,11,Tue,
3289,2024,6,24,12,Wed,
3389,2024,6,24,13,Thu,
3394,2024,6,24,14,Fri,
3026,2024,6,24,15,Sat,
3340,2024,6,24,16,Sun,
3399,2024,6,25,17,Mon,
3265,2024,6,25,18,Tue,
3285,2024,6,25,19,Wed,
3382,2024,6,25,20,Thu,
3385,2024,6,25,21,Fri,
3008,2024,6,25,22,Sat,
3321,2024,6,25,23,Sun,
3389,2024,6,26,24,Mon,
3254,2024,6,26,25,Tue,
3266,2024,6,26,26,Wed,
3350,2024,6,26,27,Thu,
3357,2024,6,26,28,Fri,
3030,2024,6,26,29,Sat,
3204,2024,6,26,30,Sun,
3218,2024,7,27,1,Mon,
3185,2024,7,27,2,Tue,
3276,2024,7,27,3,Wed,
2640,2024,7,27,4,Thu,
2972,2024,7,27,5,Fri,
3045,2024,7,27,6,Sat,
3352,2024,7,27,7,Sun,
3416,2024,7,28,8,Mon,
3296,2024,7,28,9,Tue,
3325,2024,7,28,10,Wed,
3425,2024,7,28,11,Thu,
3438,2024,7,28,12,Fri,
3075,2024,7,28,13,Sat,
3377,2024,7,28,14,Sun,
3438,2024,7,29,15,Mon,
3321,2024,7,29,16,Tue,
3335,2024,7,29,17,Wed,
3438,2024,7,29,18,Thu,
3436,2024,7,29,19,Fri,
3080,2024,7,29,20,Sat,
3384,2024,7,29,21,Sun,
3442,2024,7,30,22,Mon,
3317,2024,7,30,23,Tue,
3337,2024,7,30,24,Wed,
3432,2024,7,30,25,Thu,
3440,2024,7,30,26,Fri,
3079,2024,7,30,27,Sat,
3368,2024,7,30,28,Sun,
3416,2024,7,31,29,Mon,
3290,2024,7,31,30,Tue,
3311,2024,7,31,31,Wed,
